,Stock Index,Stock Price
1,AC3235,0.6130081
2,AC3236,1.1299454
3,AC3237,1.263498
4,AC3238,1.4715916
5,AC3239,1.7692981
6,AC3240,1.7778223
7,AC3241,1.8039465
8,AC3242,1.2919526
9,AC3243,1.2919526
10,AC3244,1.2820415
11,AC3245,1.3831255
12,AC3246,1.2282672
13,AC3247,0.46323168
14,AC3248,1.8033644
15,AC3249,1.4116343
16,AC3250,0.46323168
17,AC3251,0.46323168
18,AC3252,1.4715916
19,AC3253,0.46323168
20,AC3254,1.2919526
21,AC3255,1.5907105
22,AC3256,1.6136197
23,AC3257,1.2950237
24,AC3258,1.8994707
25,AC3259,1.9290608
26,AC3260,1.7778223
27,AC3261,0.46323168
28,AC3262,0.51916355
29,AC3263,0.46323168
30,AC3264,0.46323168
31,AC3265,1.8994707
32,AC3266,1.8103669
33,AC3267,1.3728313
34,AC3268,1.8994707
35,AC3269,0.46323168
36,AC3270,1.7907954
37,AC3271,1.8103669
38,AC3272,1.7531694
39,AC3273,0.6247235
40,AC3274,1.5907105
41,AC3275,0.46323168
42,AC3276,0.46323168
43,AC3277,1.597713
44,AC3278,1.7692981
45,AC3279,1.1299454
46,AC3280,0.46323168
47,AC3281,0.98918194
48,AC3282,1.4116343
49,AC3283,1.4115665
50,AC3284,1.8103669
51,AC3285,1.86426
52,AC3286,0.46323168
53,AC3287,1.3728313
54,AC3288,0.50787246
55,AC3289,0.46323168
56,AC3290,1.1828287
57,AC3291,1.7531694
58,AC3292,0.6050441
59,AC3293,1.2404814
60,AC3294,0.46323168
61,AC3295,1.3418678
62,AC3296,1.2714072
63,AC3297,1.7907954
64,AC3298,0.46323168
65,AC3299,0.57796043
66,AC3300,0.57796043
67,AC3301,0.46323168
68,AC3302,0.6050441
69,AC3303,0.57796043
70,AC3304,0.46323168
71,AC3305,0.46323168
72,AC3306,1.2997451
73,AC3307,1.8039465
74,AC3308,1.84761
75,AC3309,1.9124109
76,AC3310,0.46323168
77,AC3311,1.4116343
78,AC3312,1.4115665
79,AC3313,1.7692981
80,AC3314,0.46323168
81,AC3315,1.2404814
82,AC3316,1.2919526
83,AC3317,1.2714072
84,AC3318,0.46323168
85,AC3319,1.5214227
86,AC3320,1.4115665
87,AC3321,1.1828287
88,AC3322,1.2149231
89,AC3323,1.2997451
90,AC3324,1.2997451
91,AC3325,0.51916355
92,AC3326,1.7531694
93,AC3327,0.7582342
94,AC3328,0.46323168
95,AC3329,0.46323168
96,AC3330,1.8994707
97,AC3331,1.2296302
98,AC3332,1.2919526
99,AC3333,1.2919526
100,AC3334,1.7907954
101,AC3335,1.2282672
102,AC3336,1.8103669
103,AC3337,1.1828287
104,AC3338,0.6247235
105,AC3339,1.263498
106,AC3340,1.8994707
107,AC3341,0.7582342
108,AC3342,0.46323168
109,AC3343,0.46323168
110,AC3344,0.6247235
111,AC3345,1.7778223
112,AC3346,1.5214227
113,AC3347,1.7531694
114,AC3348,1.2282672
115,AC3349,1.3831255
116,AC3350,0.51916355
117,AC3351,1.2997451
118,AC3352,0.98918194
119,AC3353,0.46323168
120,AC3354,1.2296302
121,AC3355,1.1828287
122,AC3356,0.98918194
123,AC3357,1.7692981
124,AC3358,0.46323168
125,AC3359,1.4115665
126,AC3360,1.4715916
127,AC3361,1.7944722
128,AC3362,0.50787246
129,AC3363,1.2149231
130,AC3364,1.9290608
131,AC3365,0.6050441
132,AC3366,1.1299454
133,AC3367,1.2919526
134,AC3368,1.1299454
135,AC3369,0.46323168
136,AC3370,0.46323168
137,AC3371,0.7582342
138,AC3372,1.5907105
139,AC3373,0.46323168
140,AC3374,0.46323168
141,AC3375,1.8103669
142,AC3376,1.2714072
143,AC3377,1.8103669
144,AC3378,1.1974826
145,AC3379,1.7907954
146,AC3380,0.46323168
147,AC3381,1.8994707
148,AC3382,1.8994707
149,AC3383,1.7778223
150,AC3384,1.5214227
151,AC3385,0.46323168
152,AC3386,1.2149231
153,AC3387,1.2404814
154,AC3388,0.93352115
155,AC3389,1.2919526
156,AC3390,0.46323168
157,AC3391,1.2149231
158,AC3392,1.597713
159,AC3393,0.46323168
160,AC3394,1.2997451
161,AC3395,0.98918194
162,AC3396,1.5214227
163,AC3397,1.2296302
164,AC3398,1.8103669
165,AC3399,1.8994707
166,AC3400,1.7692981
167,AC3401,1.3728313
168,AC3402,1.4115665
169,AC3403,1.8994707
170,AC3404,1.2282672
171,AC3405,0.6130081
172,AC3406,1.4115665
173,AC3407,1.4116343
174,AC3408,0.46323168
175,AC3409,0.46323168
176,AC3410,0.46323168
177,AC3411,0.46323168
178,AC3412,0.93352115
179,AC3413,0.46323168
180,AC3414,0.46323168
181,AC3415,1.7778223
182,AC3416,1.2997451
183,AC3417,1.2919526
184,AC3418,0.46323168
185,AC3419,1.1974826
186,AC3420,0.46323168
187,AC3421,1.2919526
188,AC3422,1.7778223
189,AC3423,0.51916355
190,AC3424,1.7778223
191,AC3425,0.46323168
192,AC3426,1.2282672
193,AC3427,1.5214227
194,AC3428,1.2149231
195,AC3429,1.2149231
196,AC3430,0.46323168
197,AC3431,0.50787246
198,AC3432,0.46323168
199,AC3433,1.7692981
200,AC3434,0.50787246
201,AC3435,1.2997451
202,AC3436,1.8103669
203,AC3437,1.5907105
204,AC3438,1.3831255
205,AC3439,1.263498
206,AC3440,0.6130081
207,AC3441,1.8994707
208,AC3442,1.2714072
209,AC3443,1.2149231
210,AC3444,0.6130081
211,AC3445,1.2919526
212,AC3446,0.46323168
213,AC3447,1.6695721
214,AC3448,1.7298856
215,AC3449,0.6050441
216,AC3450,1.6695721
217,AC3451,0.51916355
218,AC3452,1.6529222
219,AC3453,1.7298856
220,AC3454,1.6695721
221,AC3455,1.6529222
222,AC3456,0.46323168
223,AC3457,1.7298856
224,AC3458,1.2296302
225,AC3459,1.6282693
226,AC3460,1.2282672
227,AC3461,1.7148398
228,AC3462,1.673771
229,AC3463,0.46323168
230,AC3464,0.7582342
231,AC3465,1.2296302
232,AC3466,0.7582342
233,AC3467,1.263498
234,AC3468,0.46323168
235,AC3469,0.93352115
236,AC3470,0.98918194
237,AC3471,1.7298856
238,AC3472,1.2714072
239,AC3473,1.2282672
240,AC3474,0.46323168
241,AC3475,0.6247235
242,AC3476,1.5705693
243,AC3477,0.7582342
244,AC3478,1.6952684
245,AC3479,1.6529222
246,AC3480,1.7298856
247,AC3481,1.1299454
248,AC3482,0.46323168
249,AC3483,1.2296302
250,AC3484,1.6529222
251,AC3485,0.46323168
252,AC3486,1.7148398
253,AC3487,1.2997451
254,AC3488,1.2296302
255,AC3489,1.5775717
256,AC3490,1.7298856
257,AC3491,0.93352115
258,AC3492,1.446579
259,AC3493,1.263498
260,AC3494,1.673771
261,AC3495,0.46323168
262,AC3496,1.2714072
263,AC3497,0.6130081
264,AC3498,1.7298856
265,AC3499,0.46323168
266,AC3500,1.4115665
267,AC3501,0.46323168
268,AC3502,0.46323168
269,AC3503,0.46323168
270,AC3504,1.446579
271,AC3505,1.263498
272,AC3506,0.51916355
273,AC3507,1.7148398
274,AC3508,0.93352115
275,AC3509,1.2282672
276,AC3510,0.46323168
277,AC3511,1.446579
278,AC3512,0.46323168
279,AC3513,0.6050441
280,AC3514,0.5611088
281,AC3515,1.446579
282,AC3516,1.3728313
283,AC3517,0.46323168
284,AC3518,1.7298856
285,AC3519,1.1974826
286,AC3520,0.46323168
287,AC3521,1.2296302
288,AC3522,1.1828287
289,AC3523,1.673771
290,AC3524,1.7298856
291,AC3525,0.46323168
292,AC3526,1.5705693
293,AC3527,0.46323168
294,AC3528,1.2919526
295,AC3529,0.6247235
296,AC3530,1.2997451
297,AC3531,1.7148398
298,AC3532,1.4715916
299,AC3533,1.7148398
300,AC3534,1.2997451
301,AC3535,0.6247235
302,AC3536,1.6695721
303,AC3537,1.5705693
304,AC3538,1.6282693
305,AC3539,1.5705693
306,AC3540,1.7298856
307,AC3541,1.8103669
308,AC3542,1.2997451
309,AC3543,0.57796043
310,AC3544,0.46323168
311,AC3545,0.46323168
312,AC3546,1.5214227
313,AC3547,0.46323168
314,AC3548,0.46323168
315,AC3549,0.46323168
316,AC3550,1.8103669
317,AC3551,0.93352115
318,AC3552,1.8994707
319,AC3553,0.5611088
320,AC3554,1.2997451
321,AC3555,1.1299454
322,AC3556,1.2919526
323,AC3557,1.2997451
324,AC3558,1.8994707
325,AC3559,1.8103669
326,AC3560,0.51916355
327,AC3561,1.2404814
328,AC3562,1.3728313
329,AC3563,1.2282672
330,AC3564,1.4943643
331,AC3565,1.3889481
332,AC3566,1.4943643
333,AC3567,1.3360558
334,AC3568,1.389274
335,AC3569,1.2997451
336,AC3570,1.3360558
337,AC3571,1.8103669
338,AC3572,1.2404814
339,AC3573,1.7531694
340,AC3574,1.7778223
341,AC3575,1.86426
342,AC3576,1.7778223
343,AC3577,1.8994707
344,AC3578,1.4116343
345,AC3579,1.2997451
346,AC3580,0.51916355
347,AC3581,0.46323168
348,AC3582,0.46323168
349,AC3583,1.2149231
350,AC3584,0.46323168
351,AC3585,1.3418678
352,AC3586,1.1299454
353,AC3587,1.7944722
354,AC3588,1.2919526
355,AC3589,1.2282672
356,AC3590,1.263498
357,AC3591,1.7944722
358,AC3592,0.46323168
359,AC3593,1.1828287
360,AC3594,1.5214227
361,AC3595,1.7778223
362,AC3596,1.7692981
363,AC3597,1.2282672
364,AC3598,0.46323168
365,AC3599,1.1974826
366,AC3600,1.7531694
367,AC3601,1.446579
368,AC3602,1.2997451
369,AC3603,0.6130081
370,AC3604,1.8103669
371,AC3605,0.46323168
372,AC3606,1.1828287
373,AC3607,1.2149231
374,AC3608,1.8103669
375,AC3609,1.2282672
376,AC3610,1.2714072
377,AC3611,1.2714072
378,AC3612,1.7546701
379,AC3613,0.50787246
380,AC3614,1.2997451
381,AC3615,0.46323168
382,AC3616,1.8039465
383,AC3617,1.7531694
384,AC3618,0.46323168
385,AC3619,0.50787246
386,AC3620,1.2919526
387,AC3621,1.2282672
388,AC3622,1.2404814
389,AC3623,0.46323168
390,AC3624,1.4116343
391,AC3625,1.7778223
392,AC3626,1.7778223
393,AC3627,0.46323168
394,AC3628,1.2997451
395,AC3629,1.2919526
396,AC3630,0.46323168
397,AC3631,0.46323168
398,AC3632,0.46323168
399,AC3633,0.5611088
400,AC3634,1.8039465
401,AC3635,0.6130081
402,AC3636,0.46323168
403,AC3637,1.2149231
404,AC3638,0.46323168
405,AC3639,1.2296302
406,AC3640,0.93352115
407,AC3641,1.4115665
408,AC3642,1.2296302
409,AC3643,1.7692981
410,AC3644,1.2296302
411,AC3645,1.263498
412,AC3646,0.46323168
413,AC3647,1.7778223
414,AC3648,1.2714072
415,AC3649,1.2714072
416,AC3650,0.51916355
417,AC3651,0.46323168
418,AC3652,1.2149231
419,AC3653,1.3418678
420,AC3654,1.2919526
421,AC3655,0.46323168
422,AC3656,0.51916355
423,AC3657,1.3418678
424,AC3658,1.446579
425,AC3659,1.7531694
426,AC3660,0.46323168
427,AC3661,1.2282672
428,AC3662,1.7907954
429,AC3663,1.2296302
430,AC3664,1.7546701
431,AC3665,1.2149231
432,AC3666,1.3728313
433,AC3667,0.46323168
434,AC3668,1.9290608
435,AC3669,0.46323168
436,AC3670,0.46323168
437,AC3671,1.2997451
438,AC3672,0.46323168
439,AC3673,0.46323168
440,AC3674,1.7531694
441,AC3675,1.8994707
442,AC3676,1.3831255
443,AC3677,0.93352115
444,AC3678,1.263498
445,AC3679,0.46323168
446,AC3680,1.2714072
447,AC3681,1.2997451
448,AC3682,1.2997451
449,AC3683,1.2919526
450,AC3684,1.8994707
451,AC3685,0.46323168
452,AC3686,1.2997451
453,AC3687,1.7907954
454,AC3688,1.2404814
455,AC3689,1.2296302
456,AC3690,1.2997451
457,AC3691,0.6130081
458,AC3692,0.46323168
459,AC3693,1.1828287
460,AC3694,1.7907954
461,AC3695,1.2997451
462,AC3696,1.2997451
463,AC3697,1.7907954
464,AC3698,0.6247235
465,AC3699,1.3418678
466,AC3700,1.3728313
467,AC3701,1.2404814
468,AC3702,1.1974826
469,AC3703,0.46323168
470,AC3704,1.2296302
471,AC3705,1.2714072
472,AC3706,0.7582342
473,AC3707,1.7546701
474,AC3708,1.5907105
475,AC3709,1.4715916
476,AC3710,1.446579
477,AC3711,1.8039465
478,AC3712,0.46323168
479,AC3713,1.8039465
480,AC3714,0.46323168
481,AC3715,1.1974826
482,AC3716,1.8103669
483,AC3717,0.46323168
484,AC3718,1.2919526
485,AC3719,1.4715916
486,AC3720,0.57796043
487,AC3721,1.2997451
488,AC3722,1.2997451
489,AC3723,1.8994707
490,AC3724,0.46323168
491,AC3725,1.2919526
492,AC3726,0.46323168
493,AC3727,0.50787246
494,AC3728,0.6247235
495,AC3729,1.8994707
496,AC3730,1.2919526
497,AC3731,0.6247235
498,AC3732,1.5214227
499,AC3733,0.6050441
500,AC3734,0.57796043
501,AC3735,1.4715916
502,AC3736,0.5611088
503,AC3737,0.50787246
504,AC3738,1.2997451
505,AC3739,0.6247235
506,AC3740,1.702509
507,AC3741,1.9290608
508,AC3742,1.1974826
509,AC3743,0.46323168
510,AC3744,1.4116343
511,AC3745,0.46323168
512,AC3746,0.93352115
513,AC3747,1.7944722
514,AC3748,0.6130081
515,AC3749,1.3728313
516,AC3750,1.2149231
517,AC3751,0.46323168
518,AC3752,1.8994707
519,AC3753,1.2404814
520,AC3754,1.4116343
521,AC3755,1.8103669
522,AC3756,1.4115665
523,AC3757,0.5611088
524,AC3758,0.46323168
525,AC3759,0.50787246
526,AC3760,0.46323168
527,AC3761,0.46323168
528,AC3762,1.2714072
529,AC3763,1.2282672
530,AC3764,1.1299454
531,AC3765,0.93352115
532,AC3766,1.8994707
533,AC3767,1.5907105
534,AC3768,0.46323168
535,AC3769,1.2919526
536,AC3770,0.46323168
537,AC3771,0.46323168
538,AC3772,1.8994707
539,AC3773,1.2997451
540,AC3774,0.98918194
541,AC3775,1.2997451
542,AC3776,1.7944722
543,AC3777,0.7582342
544,AC3778,0.46323168
545,AC3779,0.46323168
546,AC3780,0.51916355
547,AC3781,1.2149231
548,AC3782,0.6050441
549,AC3783,1.1974826
550,AC3784,0.46323168
551,AC3785,1.2919526
552,AC3786,1.2997451
553,AC3787,1.2997451
554,AC3788,1.9290608
555,AC3789,1.7546701
556,AC3790,1.9290608
557,AC3791,0.50787246
558,AC3792,1.3728313
559,AC3793,1.8039465
560,AC3794,0.51916355
561,AC3795,1.8103669
562,AC3796,1.7778223
563,AC3797,0.98918194
564,AC3798,0.98918194
565,AC3799,0.46323168
566,AC3800,1.8994707
567,AC3801,1.8103669
568,AC3802,0.46323168
569,AC3803,1.1828287
570,AC3804,0.46323168
571,AC3805,0.98918194
572,AC3806,1.8994707
573,AC3807,1.5907105
574,AC3808,1.8103669
575,AC3809,1.2997451
576,AC3810,0.46323168
577,AC3811,1.2997451
578,AC3812,1.2919526
579,AC3813,1.7907954
580,AC3814,1.4116343
581,AC3815,0.51916355
582,AC3816,1.2149231
583,AC3817,1.9290608
584,AC3818,1.7546701
585,AC3819,1.9290608
586,AC3820,0.46323168
587,AC3821,0.46323168
588,AC3822,1.2296302
589,AC3823,0.46323168
590,AC3824,1.7907954
591,AC3825,1.2149231
592,AC3826,0.46323168
593,AC3827,0.46323168
594,AD1,0.46323168
595,AD2,1.8103669
596,AD3,1.9290608
597,AD4,1.446579
598,AD5,1.2919526
599,AD6,0.7582342
600,AD7,1.7778223
601,AD8,0.46323168
602,AD9,1.263498
603,AD10,1.1828287
604,AD11,0.46323168
605,AD12,0.98918194
606,AD13,1.9290608
607,AD14,1.8039465
608,AD15,1.4715916
609,AD16,1.2997451
610,AD17,0.57796043
611,AD18,1.8994707
612,AD19,0.46323168
613,AD20,0.46323168
614,AD21,0.46323168
615,AD22,0.46323168
616,AD23,1.8039465
617,AD24,1.2282672
618,AD25,1.7531694
619,AD26,1.2282672
620,AD27,0.93352115
621,AD28,1.5214227
622,AD29,1.9290608
623,AD30,0.46323168
624,AD31,1.2997451
625,AD32,1.3728313
626,AD33,0.46323168
627,AD34,1.2149231
628,AD35,1.7907954
629,AD36,0.46323168
630,AD37,0.46323168
631,AD38,1.1974826
632,AD39,1.1828287
633,AD40,1.1828287
634,AD41,1.5214227
635,AD42,1.5907105
636,AD43,1.2282672
637,AD44,0.46323168
638,AD45,1.7907954
639,AD46,0.51916355
640,AD47,1.263498
641,AD48,1.7546701
642,AD49,0.7582342
643,AD50,1.3831255
644,AD51,1.3418678
645,AD52,0.46323168
646,AD53,1.7778223
647,AD54,1.1974826
648,AD55,1.8994707
649,AD56,1.446579
650,AD57,0.51916355
651,AD58,0.46323168
652,AD59,1.2149231
653,AD60,1.4115665
654,AD61,0.6247235
655,AD62,0.46323168
656,AD63,0.5611088
657,AD64,0.46323168
658,AD65,1.7546701
659,AD66,1.2919526
660,AD67,0.46323168
661,AD68,1.5907105
662,AD69,0.46323168
663,AD70,0.46323168
664,AD71,0.46323168
665,AD72,0.6247235
666,AD73,0.46323168
667,AD74,0.46323168
668,AD75,1.2404814
669,AD76,0.46323168
670,AD77,0.46323168
671,AD78,0.93352115
672,AD79,1.4715916
673,AD80,1.7907954
674,AD81,1.4116343
675,AD82,1.2919526
676,AD83,1.7531694
677,AD84,1.2714072
678,AD85,1.8994707
679,AD86,1.1974826
680,AD87,0.46323168
681,AD88,0.46323168
682,AD89,1.8994707
683,AD90,1.2997451
684,AD91,1.2997451
685,AD92,1.8994707
686,AD93,1.4715916
687,AD94,1.3418678
688,AD95,0.46323168
689,AD96,1.8039465
690,AD97,0.46323168
691,AD98,0.46323168
692,AD99,0.46323168
693,AD100,1.7546701
694,AD101,1.7944722
695,AD102,1.7531694
696,AD103,1.8103669
697,AD104,1.4715916
698,AD105,1.5214227
699,AD106,1.263498
700,AD107,0.57796043
701,AD108,1.1828287
702,AD109,1.5907105
703,AD110,0.6130081
704,AD111,0.46323168
705,AD112,0.51916355
706,AD113,1.2919526
707,AD114,1.9290608
708,AD115,0.46323168
709,AD116,0.46323168
710,AD117,1.3728313
711,AD118,1.7907954
712,AD119,0.46323168
713,AD120,1.5907105
714,AD121,0.6247235
715,AD122,1.8039465
716,AD123,1.1828287
717,AD124,1.4116343
718,AD125,0.7582342
719,AD126,1.7692981
720,AD127,0.46323168
721,AD128,1.4115665
722,AD129,1.5907105
723,AD130,0.46323168
724,AD131,1.2714072
725,AD132,0.46323168
726,AD133,1.2296302
727,AD134,1.597713
728,AD135,1.7907954
729,AD136,1.1828287
730,AD137,0.46323168
731,AD138,0.46323168
732,AD139,0.46323168
733,AD140,1.2997451
734,AD141,1.2997451
735,AD142,1.8994707
736,AD143,1.4116343
737,AD144,1.7907954
738,AD145,0.51916355
739,AD146,1.2296302
740,AD147,1.2919526
741,AD148,0.46323168
742,AD149,1.2404814
743,AD150,0.46323168
744,AD151,1.7692981
745,AD152,1.5214227
746,AD153,1.2282672
747,AD154,1.2296302
748,AD155,1.4115665
749,AD156,1.9290608
750,AD157,0.46323168
751,AD158,1.1974826
752,AD159,0.98918194
753,AD160,1.263498
754,AD161,0.46323168
755,AD162,1.2997451
756,AD163,1.597713
757,AD164,1.9290608
758,AD165,0.46323168
759,AD166,1.7944722
760,AD167,1.2296302
761,AD168,1.7778223
762,AD169,0.46323168
763,AD170,0.46323168
764,AD171,0.46323168
765,AD172,0.46323168
766,AD173,0.46323168
767,AD174,0.6247235
768,AD175,0.46323168
769,AD176,0.6050441
770,AD177,1.2714072
771,AD178,1.7778223
772,AD179,0.46323168
773,AD180,0.51916355
774,AD181,1.7778223
775,AD182,0.46323168
776,AD183,1.1299454
777,AD184,1.2919526
778,AD185,1.7778223
779,AD186,1.7531694
780,AD187,1.8994707
781,AD188,0.46323168
782,AD189,1.4715916
783,AD190,1.7546701
784,AD191,1.4116343
785,AD192,1.3831255
786,AD193,1.5214227
787,AD194,0.46323168
788,AD195,0.46323168
789,AD196,0.46323168
790,AD197,1.2997451
791,AD198,1.2296302
792,AD199,0.5611088
793,AD200,1.263498
794,AD201,1.8994707
795,AD202,1.9290608
796,AD203,1.4116343
797,AD204,1.4715916
798,AD205,0.46323168
799,AD206,1.7778223
800,AD207,1.1828287
801,AD208,1.7944722
802,AD209,0.46323168
803,AD210,1.7907954
804,AD211,1.5907105
805,AD212,0.46323168
806,AD213,1.8994707
807,AD214,0.46323168
808,AD215,1.2919526
809,AD216,1.2997451
810,AD217,1.2997451
811,AD218,1.2997451
812,AD219,1.3889481
813,AD220,1.6621982
814,AD221,1.3360558
815,AD222,1.2820415
816,AD223,1.5663875
817,AD224,1.3889481
818,AD225,1.3889481
819,AD226,1.3889481
820,AD227,1.3889481
821,AD228,1.4943643
822,AD229,1.3889481
823,AD230,1.330671
824,AD231,1.3889481
825,AD232,1.2997451
826,AD233,1.3360558
827,AD234,1.330671
828,AD235,1.5232035
829,AD236,1.5663875
830,AD237,1.4158832
831,AD238,1.6621982
832,AD239,1.6621982
833,AD240,1.330671
834,AD241,1.3638026
835,AD242,1.3889481
836,AD243,1.2820415
837,AD244,1.3889481
838,AD245,1.636878
839,AD246,1.3070542
840,AD247,1.5232035
841,AD248,1.6621982
842,AD249,1.2997451
843,AD250,1.2997451
844,AD251,1.3889481
845,AD252,1.2820415
846,AD253,1.3889481
847,AD254,1.5663875
848,AD255,1.3889481
849,AD256,1.636878
850,AD257,1.3360558
851,AD258,1.3734759
852,AD259,1.3889481
853,AD260,1.3889481
854,AD261,1.330671
855,AD262,1.3360558
856,AD263,1.1299454
857,AD264,1.3418678
858,AD265,1.1828287
859,AD266,1.9290608
860,AD267,1.8039465
861,AD268,1.2919526
862,AD269,1.2997451
863,AD270,1.4116343
864,AD271,0.46323168
865,AD272,1.8994707
866,AD273,0.98918194
867,AD274,1.1974826
868,AD275,1.7778223
869,AD276,1.1299454
870,AD277,0.46323168
871,AD278,1.2919526
872,AD279,0.57796043
873,AD280,1.9290608
874,AD281,1.8994707
875,AD282,1.2404814
876,AD283,0.6247235
877,AD284,0.51916355
878,AD285,0.6130081
879,AD286,0.46323168
880,AD287,0.6247235
881,AD288,1.2714072
882,AD289,0.57796043
883,AD290,0.46323168
884,AD291,1.4116343
885,AD292,0.50787246
886,AD293,1.1828287
887,AD294,1.2919526
888,AD295,1.1974826
889,AD296,1.3418678
890,AD297,1.7944722
891,AD298,0.46323168
892,AD299,0.6050441
893,AD300,1.7546701
894,AD301,1.8994707
895,AD302,0.46323168
896,AD303,0.7582342
897,AD304,1.8994707
898,AD305,1.5907105
899,AD306,1.1828287
900,AD307,0.46323168
901,AD308,1.2149231
902,AD309,1.2296302
903,AD310,1.2296302
904,AD311,1.4115665
905,AD312,1.8103669
906,AD313,1.8994707
907,AD314,1.8994707
908,AD315,0.7582342
909,AD316,0.6130081
910,AD317,0.46323168
911,AD318,0.93352115
912,AD319,1.7778223
913,AD320,1.8994707
914,AD321,1.2149231
915,AD322,0.46323168
916,AD323,0.46323168
917,AD324,1.8103669
918,AD325,1.2919526
919,AD326,1.1828287
920,AD327,0.46323168
921,AD328,0.46323168
922,AD329,0.6050441
923,AD330,1.8994707
924,AD331,1.597713
925,AD332,0.5611088
926,AD333,0.50787246
927,AD334,1.2997451
928,AD335,1.2997451
929,AD336,1.9124109
930,AD337,0.51916355
931,AD338,1.2714072
932,AD339,1.7439436
933,AD340,1.8103669
934,AD341,0.46323168
935,AD342,1.8828207
936,AD343,1.8828207
937,AD344,1.5907105
938,AD345,1.2296302
939,AD346,1.8828207
940,AD347,0.6050441
941,AD348,1.7670957
942,AD349,0.6050441
943,AD350,1.1299454
944,AD351,1.1974826
945,AD352,1.2282672
946,AD353,1.2997451
947,AD354,0.46323168
948,AD355,0.93352115
949,AD356,1.7439436
950,AD357,0.98918194
951,AD358,1.7670957
952,AD359,1.7670957
953,AD360,0.93352115
954,AD361,0.51916355
955,AD362,1.7585715
956,AD363,1.8103669
957,AD364,0.6050441
958,AD365,1.1828287
959,AD366,0.93352115
960,AD367,0.46323168
961,AD368,0.46323168
962,AD369,0.93352115
963,AD370,1.2149231
964,AD371,1.2149231
965,AD372,0.5532186
966,AD373,1.7872965
967,AD374,0.46323168
968,AD375,0.46323168
969,AD376,0.7582342
970,AD377,1.263498
971,AD378,0.46323168
972,AD379,0.46323168
973,AD380,0.46323168
974,AD381,1.2919526
975,AD382,1.2997451
976,AD383,1.3728313
977,AD384,1.8828207
978,AD385,1.2714072
979,AD386,0.93352115
980,AD387,1.1828287
981,AD388,1.2919526
982,AD389,0.46323168
983,AD390,1.8103669
984,AD391,1.1828287
985,AD392,1.7872965
986,AD393,1.2997451
987,AD394,0.46323168
988,AD395,0.5700702
989,AD396,1.2296302
990,AD397,0.46323168
991,AD398,1.1974826
992,AD399,1.1299454
993,AD400,1.4115665
994,AD401,0.6247235
995,AD402,1.2296302
996,AD403,0.46323168
997,AD404,1.9124109
998,AD405,1.7907954
999,AD406,0.51916355
1000,AD407,0.5532186
1001,AD408,1.8103669
1002,AD409,1.263498
1003,AD410,1.1299454
1004,AD411,0.46323168
1005,AD412,0.46323168
1006,AD413,1.7439436
1007,AD414,0.46323168
1008,AD415,0.98918194
1009,AD416,0.98918194
1010,AD417,1.5214227
1011,AD418,1.2296302
1012,AD419,1.2919526
1013,AD420,1.2919526
1014,AD421,1.7872965
1015,AD422,0.7582342
1016,AD423,0.46323168
1017,AD424,0.46323168
1018,AD425,0.6050441
1019,AD426,0.5532186
1020,AD427,0.46323168
1021,AD428,1.2296302
1022,AD429,1.1828287
1023,AD430,0.7582342
1024,AD431,1.5907105
1025,AD432,0.46323168
1026,AD433,0.7582342
1027,AD434,1.2714072
1028,AD435,0.46323168
1029,AD436,1.2296302
1030,AD437,0.5700702
1031,AD438,1.2714072
1032,AD439,1.9124109
1033,AD440,0.7582342
1034,AD441,0.46323168
1035,AD442,1.7670957
1036,AD443,0.51916355
1037,AD444,0.46323168
1038,AD445,1.3831255
1039,AD446,0.46323168
1040,AD447,0.46323168
1041,AD448,0.46323168
1042,AD449,1.2997451
1043,AD450,1.2404814
1044,AD451,1.2919526
1045,AD452,1.2997451
1046,AD453,1.2149231
1047,AD454,1.2296302
1048,AD455,0.46323168
1049,AD456,1.1299454
1050,AD457,1.8828207
1051,AD458,1.4116343
1052,AD459,0.46323168
1053,AD460,1.7670957
1054,AD461,1.597713
1055,AD462,1.2997451
1056,AD463,0.46323168
1057,AD464,0.46323168
1058,AD465,0.46323168
1059,AD466,0.46323168
1060,AD467,1.84761
1061,AD468,0.46323168
1062,AD469,1.7424428
1063,AD470,1.7907954
1064,AD471,1.7670957
1065,AD472,0.46323168
1066,AD473,1.84761
1067,AD474,1.5907105
1068,AD475,1.2149231
1069,AD476,1.1828287
1070,AD477,0.46323168
1071,AD478,1.1974826
1072,AD479,1.4116343
1073,AD480,1.7670957
1074,AD481,0.46323168
1075,AD482,1.2997451
1076,AD483,1.2149231
1077,AD484,0.93352115
1078,AD485,0.5700702
1079,AD486,1.3831255
1080,AD487,1.446579
1081,AD488,1.2404814
1082,AD489,1.8103669
1083,AD490,1.7439436
1084,AD491,1.2296302
1085,AD492,0.5700702
1086,AD493,0.46323168
1087,AD494,1.3831255
1088,AD495,0.46323168
1089,AD496,0.46323168
1090,AD497,1.3831255
1091,AD498,1.7439436
1092,AD499,1.2919526
1093,AD500,0.46323168
1094,AD501,1.1299454
1095,AD502,1.1299454
1096,AD503,0.5532186
1097,AD504,0.46323168
1098,AD505,1.2919526
1099,AD506,0.51916355
1100,AD507,0.46323168
1101,AD508,1.2296302
1102,AD509,1.7439436
1103,AD510,0.5700702
1104,AD511,1.263498
1105,AD512,1.2997451
1106,AD513,1.7424428
1107,AD514,1.7424428
1108,AD515,0.46323168
1109,AD516,1.2919526
1110,AD517,0.46323168
1111,AD518,0.46323168
1112,AD519,1.8828207
1113,AD520,1.446579
1114,AD521,0.46323168
1115,AD522,1.2997451
1116,AD523,0.46323168
1117,AD524,1.2714072
1118,AD525,1.2149231
1119,AD526,1.7872965
1120,AD527,0.6050441
1121,AD528,1.3831255
1122,AD529,1.8103669
1123,AD530,0.46323168
1124,AD531,1.9124109
1125,AD532,0.5700702
1126,AD533,0.46323168
1127,AD534,1.3831255
1128,AD535,0.7582342
1129,AD536,1.2919526
1130,AD537,1.2296302
1131,AD538,1.7670957
1132,AD539,1.9124109
1133,AD540,1.7907954
1134,AD541,1.2149231
1135,AD542,1.9124109
1136,AD543,1.5907105
1137,AD544,0.51916355
1138,AD545,1.2997451
1139,AD546,0.5700702
1140,AD547,0.5700702
1141,AD548,1.2997451
1142,AD549,1.2714072
1143,AD550,0.6247235
1144,AD551,0.46323168
1145,AD552,0.46323168
1146,AD553,1.1299454
1147,AD554,0.98918194
1148,AD555,1.4116343
1149,AD556,1.3728313
1150,AD557,1.446579
1151,AD558,1.8828207
1152,AD559,1.2282672
1153,AD560,0.46323168
1154,AD561,0.46323168
1155,AD562,1.2919526
1156,AD563,0.46323168
1157,AD564,1.8828207
1158,AD565,1.1828287
1159,AD566,1.8828207
1160,AD567,1.597713
1161,AD568,0.46323168
1162,AD569,1.2714072
1163,AD570,1.2282672
1164,AD571,0.46323168
1165,AD572,0.57796043
1166,AD573,0.46323168
1167,AD574,0.46323168
1168,AD575,1.5907105
1169,AD576,1.446579
1170,AD577,1.7778223
1171,AD578,1.8994707
1172,AD579,1.2997451
1173,AD580,0.46323168
1174,AD581,1.3831255
1175,AD582,0.5611088
1176,AD583,1.2282672
1177,AD584,1.8994707
1178,AD585,1.1299454
1179,AD586,0.46323168
1180,AD587,0.6247235
1181,AD588,1.2296302
1182,AD589,1.2282672
1183,AD590,1.2282672
1184,AD591,1.8994707
1185,AD592,0.46323168
1186,AD593,1.2997451
1187,AD594,1.9290608
1188,AD595,1.2404814
1189,AD596,0.46323168
1190,AD597,1.8994707
1191,AD598,1.7692981
1192,AD599,1.8994707
1193,AD600,1.3831255
1194,AD601,0.57796043
1195,AD602,1.8994707
1196,AD603,1.5907105
1197,AD604,1.3418678
1198,AD605,0.46323168
1199,AD606,0.46323168
1200,AD607,1.2997451
1201,AD608,1.5907105
1202,AD609,1.8994707
1203,AD610,1.4115665
1204,AD611,1.597713
1205,AD612,1.1974826
1206,AD613,1.7546701
1207,AD614,0.46323168
1208,AD615,0.5611088
1209,AD616,1.5907105
1210,AD617,1.1828287
1211,AD618,1.2714072
1212,AD619,1.5907105
1213,AD620,1.2714072
1214,AD621,1.7531694
1215,AD622,1.2404814
1216,AD623,0.6050441
1217,AD624,1.7778223
1218,AD625,1.7692981
1219,AD626,0.46323168
1220,AD627,0.46323168
1221,AD628,1.2296302
1222,AD629,1.7944722
1223,AD630,0.93352115
1224,AD631,0.93352115
1225,AD632,1.8994707
1226,AD633,1.2919526
1227,AD634,0.50787246
1228,AD635,0.46323168
1229,AD636,0.46323168
1230,AD637,1.2919526
1231,AD638,1.3418678
1232,AD639,1.8039465
1233,AD640,1.2296302
1234,AD641,0.46323168
1235,AD642,1.8994707
1236,AD643,1.1828287
1237,AD644,0.6050441
1238,AD645,1.8103669
1239,AD646,0.6247235
1240,AD647,1.2919526
1241,AD648,0.6130081
1242,AD649,1.8994707
1243,AD650,0.46323168
1244,AD651,1.2919526
1245,AD652,1.1828287
1246,AD653,0.46323168
1247,AD654,0.46323168
1248,AD655,0.46323168
1249,AD656,1.5907105
1250,AD657,0.5611088
1251,AD658,1.8039465
1252,AD659,1.9290608
1253,AD660,1.3418678
1254,AD661,0.46323168
1255,AD662,1.7531694
1256,AD663,0.46323168
1257,AD664,1.7778223
1258,AD665,1.1299454
1259,AD666,1.7778223
1260,AD667,1.7546701
1261,AD668,1.2997451
1262,AD669,1.4116343
1263,AD670,0.46323168
1264,AD671,0.46323168
1265,AD672,0.46323168
1266,AD673,1.9290608
1267,AD674,1.2919526
1268,AD675,0.6130081
1269,AD676,1.8994707
1270,AD677,0.46323168
1271,AD678,0.46323168
1272,AD679,1.5214227
1273,AD680,1.2296302
1274,AD681,0.51916355
1275,AD682,1.1974826
1276,AD683,0.46323168
1277,AD684,0.46323168
1278,AD685,1.7692981
1279,AD686,0.46323168
1280,AD687,0.46323168
1281,AD688,1.2997451
1282,AD689,0.6130081
1283,AD690,1.5907105
1284,AD691,0.46323168
1285,AD692,1.1828287
1286,AD693,1.4115665
1287,AD694,1.8039465
1288,AD695,0.98918194
1289,AD696,0.50787246
1290,AD697,1.3728313
1291,AD698,0.46323168
1292,AD699,0.46323168
1293,AD700,1.2714072
1294,AD701,1.4115665
1295,AD702,0.50787246
1296,AD703,0.46323168
1297,AD704,1.2997451
1298,AD705,0.46323168
1299,AD706,0.46323168
1300,AD707,0.46323168
1301,AD708,1.9290608
1302,AD709,1.8103669
1303,AD710,1.7907954
1304,AD711,1.2919526
1305,AD712,0.46323168
1306,AD713,1.8994707
1307,AD714,1.8039465
1308,AD715,1.8994707
1309,AD716,1.2997451
1310,AD717,0.6247235
1311,AD718,1.7692981
1312,AD719,1.3831255
1313,AD720,1.3418678
1314,AD721,0.46323168
1315,AD722,1.2714072
1316,AD723,1.5907105
1317,AD724,1.446579
1318,AD725,0.46323168
1319,AD726,0.46323168
1320,AD727,1.7944722
1321,AD728,1.2282672
1322,AD729,1.8103669
1323,AD730,0.46323168
1324,AD731,0.98918194
1325,AD732,0.46323168
1326,AD733,1.3728313
1327,AD734,1.446579
1328,AD735,1.8994707
1329,AD736,1.5907105
1330,AD737,0.46323168
1331,AD738,0.46323168
1332,AD739,1.2149231
1333,AD740,1.7546701
1334,AD741,0.46323168
1335,AD742,0.46323168
1336,AD743,0.46323168
1337,AD744,0.57796043
1338,AD745,1.2919526
1339,AD746,1.8994707
1340,AD747,0.46323168
1341,AD748,1.5907105
1342,AD749,0.6050441
1343,AD750,1.7778223
1344,AD751,0.46323168
1345,AD752,0.6247235
1346,AD753,1.597713
1347,AD754,0.46323168
1348,AD755,0.51916355
1349,AD756,0.46323168
1350,AD757,1.4715916
1351,AD758,1.4116343
1352,AD759,1.8994707
1353,AD760,1.5907105
1354,AD761,1.9290608
1355,AD762,0.46323168
1356,AD763,1.7778223
1357,AD764,1.7546701
1358,AD765,1.2282672
1359,AD766,0.46323168
1360,AD767,1.7944722
1361,AD768,1.1828287
1362,AD769,1.446579
1363,AD770,1.1299454
1364,AD771,1.2919526
1365,AD772,1.8994707
1366,AD773,1.2149231
1367,AD774,0.51916355
1368,AD775,0.46323168
1369,AD776,0.46323168
1370,AD777,0.46323168
1371,AD778,1.8103669
1372,AD779,1.7692981
1373,AD780,0.46323168
1374,AD781,0.46323168
1375,AD782,0.46323168
1376,AD783,1.2296302
1377,AD784,1.3418678
1378,AD785,1.1299454
1379,AD786,1.1828287
1380,AD787,1.5907105
1381,AD788,0.50787246
1382,AD789,0.51916355
1383,AD790,0.46323168
1384,AD791,1.7546701
1385,AD792,0.46323168
1386,AD793,1.2919526
1387,AD794,0.46323168
1388,AD795,1.7531694
1389,AD796,0.46323168
1390,AD797,0.46323168
1391,AD798,0.46323168
1392,AD799,1.4115665
1393,AD800,1.2919526
1394,AD801,0.46323168
1395,AD802,0.46323168
1396,AD803,1.5214227
1397,AD804,1.7546701
1398,AD805,0.93352115
1399,AD806,0.46323168
1400,AD807,1.3728313
1401,AD808,1.8103669
1402,AD809,1.2296302
1403,AD810,0.46323168
1404,AD811,1.7778223
1405,AD812,1.263498
1406,AD813,1.2404814
1407,AD814,1.2997451
1408,AD815,1.263498
1409,AD816,1.8994707
1410,AD817,1.1828287
1411,AD818,0.46323168
1412,AD819,0.46323168
1413,AD820,1.7778223
1414,AD821,1.446579
1415,AD822,1.7944722
1416,AD823,0.46323168
1417,AD824,1.1828287
1418,AD825,1.8994707
1419,AD826,0.6247235
1420,AD827,1.8103669
1421,AD828,1.7778223
1422,AD829,0.57796043
1423,AD830,0.93352115
1424,AD831,0.46323168
1425,AD832,1.3831255
1426,AD833,1.263498
1427,AD834,1.8994707
1428,AD835,0.46323168
1429,AD836,1.2296302
1430,AD837,0.98918194
1431,AD838,1.7546701
1432,AD839,1.2714072
1433,AD840,1.1974826
1434,AD841,1.4715916
1435,AD842,1.446579
1436,AD843,1.8994707
1437,AD844,1.2997451
1438,AD845,1.1299454
1439,AD846,1.9290608
1440,AD847,1.3728313
1441,AD848,1.1974826
1442,AD849,0.46323168
1443,AD850,1.4715916
1444,AD851,1.8994707
1445,AD852,1.8994707
1446,AD853,0.6247235
1447,AD854,1.597713
1448,AD855,1.8994707
1449,AD856,0.46323168
1450,AD857,1.86426
1451,AD858,1.4116343
1452,AD859,0.46323168
1453,AD860,1.1828287
1454,AD861,1.1828287
1455,AD862,1.7944722
1456,AD863,1.2919526
1457,AD864,1.8994707
1458,AD865,1.86426
1459,AD866,1.2149231
1460,AD867,0.46323168
1461,AD868,0.57796043
1462,AD869,1.7531694
1463,AD870,0.51916355
1464,AD871,1.4116343
1465,AD872,1.8103669
1466,AD873,1.5907105
1467,AD874,1.2149231
1468,AD875,0.46323168
1469,AD876,1.2149231
1470,AD877,0.6247235
1471,AD878,0.6247235
1472,AD879,1.1974826
1473,AD880,1.8103669
1474,AD881,0.46323168
1475,AD882,1.7907954
1476,AD883,1.8994707
1477,AD884,0.46323168
1478,AD885,0.46323168
1479,AD886,1.7944722
1480,AD887,1.8103669
1481,AD888,1.2404814
1482,AD889,1.2149231
1483,AD890,1.263498
1484,AD891,0.50787246
1485,AD892,0.6050441
1486,AD893,1.9290608
1487,AD894,0.51916355
1488,AD895,0.50787246
1489,AD896,1.1299454
1490,AD897,0.46323168
1491,AD898,1.7778223
1492,AD899,1.2997451
1493,AD900,1.8994707
1494,AD901,1.2714072
1495,AD902,1.7692981
1496,AD903,1.2296302
1497,AD904,0.6247235
1498,AD905,1.8994707
1499,AD906,1.2714072
1500,AD907,0.46323168
1501,AD908,0.6247235
1502,AD909,0.46323168
1503,AD910,0.6130081
1504,AD911,0.93352115
1505,AD912,0.46323168
1506,AD913,0.46323168
1507,AD914,1.263498
1508,AD915,1.7546701
1509,AD916,1.2282672
1510,AD917,1.7546701
1511,AD918,1.2997451
1512,AD919,0.46323168
1513,AD920,0.46323168
1514,AD921,0.46323168
1515,AD922,0.46323168
1516,AD923,0.46323168
1517,AD924,0.46323168
1518,AD925,0.93352115
1519,AD926,1.9290608
1520,AD927,1.7944722
1521,AD928,0.6247235
1522,AD929,1.2919526
1523,AD930,1.2997451
1524,AD931,0.46323168
1525,AD932,0.6050441
1526,AD933,1.2997451
1527,AD934,1.5907105
1528,AD935,1.3831255
1529,AD936,1.2149231
1530,AD937,0.46323168
1531,AD938,0.46323168
1532,AD939,1.2919526
1533,AD940,1.1828287
1534,AD941,1.7531694
1535,AD942,0.46323168
1536,AD943,0.6130081
1537,AD944,1.7692981
1538,AD945,0.46323168
1539,AD946,0.46323168
1540,AD947,1.7778223
1541,AD948,0.46323168
1542,AD949,0.46323168
1543,AD950,1.4116343
1544,AD951,1.2919526
1545,AD952,1.2997451
1546,AD953,1.7546701
1547,AD954,1.1828287
1548,AD955,0.46323168
1549,AD956,0.46323168
1550,AD957,1.7531694
1551,AD958,1.8103669
1552,AD959,1.8994707
1553,AD960,1.1828287
1554,AD961,1.86426
1555,AD962,1.7778223
1556,AD963,1.8994707
1557,AD964,0.93352115
1558,AD965,1.9290608
1559,AD966,0.50787246
1560,AD967,0.46323168
1561,AD968,0.46323168
1562,AD969,1.1299454
1563,AD970,1.2714072
1564,AD971,1.8994707
1565,AD972,0.46323168
1566,AD973,1.8994707
1567,AD974,1.7692981
1568,AD975,1.1828287
1569,AD976,1.7778223
1570,AD977,1.2919526
1571,AD978,1.8994707
1572,AD979,1.8103669
1573,AD980,0.46323168
1574,AD981,1.86426
1575,AD982,1.8994707
1576,AD983,1.446579
1577,AD984,1.2714072
1578,AD985,1.2997451
1579,AD986,1.8994707
1580,AD987,1.7944722
1581,AD988,1.8994707
1582,AD989,0.7582342
1583,AD990,0.46323168
1584,AD991,0.46323168
1585,AD992,0.5611088
1586,AD993,1.5907105
1587,AD994,1.7778223
1588,AD995,0.46323168
1589,AD996,0.46323168
1590,AD997,1.7778223
1591,AD998,0.46323168
1592,AD999,1.1299454
1593,AD1000,1.4715916
1594,AD1001,1.8103669
1595,AD1002,1.2296302
1596,AD1003,0.46323168
1597,AD1004,1.446579
1598,AD1005,1.4115665
1599,AD1006,0.46323168
1600,AD1007,0.51916355
1601,AD1008,1.8994707
1602,AD1009,1.2714072
1603,AD1010,1.597713
1604,AD1011,1.7778223
1605,AD1012,0.46323168
1606,AD1013,1.4715916
1607,AD1014,1.3418678
1608,AD1015,0.46323168
1609,AD1016,0.50787246
1610,AD1017,1.2296302
1611,AD1018,1.2919526
1612,AD1019,1.7778223
1613,AD1020,0.46323168
1614,AD1021,1.3728313
1615,AD1022,1.7944722
1616,AD1023,1.3728313
1617,AD1024,0.46323168
1618,AD1025,1.7907954
1619,AD1026,0.57796043
1620,AD1027,0.6050441
1621,AD1028,0.46323168
1622,AD1029,0.46323168
1623,AD1030,1.2919526
1624,AD1031,1.7531694
1625,AD1032,0.6050441
1626,AD1033,0.6130081
1627,AD1034,0.46323168
1628,AD1035,1.1974826
1629,AD1036,1.4715916
1630,AD1037,1.1828287
1631,AD1038,0.5611088
1632,AD1039,1.1974826
1633,AD1040,0.6050441
1634,AD1041,1.7907954
1635,AD1042,1.2296302
1636,AD1043,1.597713
1637,AD1044,1.3418678
1638,AD1045,1.1828287
1639,AD1046,1.1974826
1640,AD1047,1.2919526
1641,AD1048,1.2296302
1642,AD1049,0.46323168
1643,AD1050,1.1299454
1644,AD1051,1.86426
1645,AD1052,0.46323168
1646,AD1053,0.57796043
1647,AD1054,1.7546701
1648,AD1055,0.57796043
1649,AD1056,1.8994707
1650,AD1057,0.46323168
1651,AD1058,1.7531694
1652,AD1059,1.2997451
1653,AD1060,1.597713
1654,AD1061,1.2714072
1655,AD1062,1.86426
1656,AD1063,1.2919526
1657,AD1064,1.7907954
1658,AD1065,0.46323168
1659,AD1066,0.46323168
1660,AD1067,1.446579
1661,AD1068,1.446579
1662,AD1069,1.446579
1663,AD1070,0.46323168
1664,AD1071,1.2919526
1665,AD1072,1.1828287
1666,AD1073,1.8039465
1667,AD1074,1.3418678
1668,AD1075,0.51916355
1669,AD1076,0.57796043
1670,AD1077,0.46323168
1671,AD1078,1.2919526
1672,AD1079,0.46323168
1673,AD1080,1.2296302
1674,AD1081,1.5907105
1675,AD1082,1.7778223
1676,AD1083,1.2997451
1677,AD1084,0.46323168
1678,AD1085,1.2919526
1679,AD1086,0.7582342
1680,AD1087,0.46323168
1681,AD1088,1.8994707
1682,AD1089,1.263498
1683,AD1090,0.46323168
1684,AD1091,1.5214227
1685,AD1092,0.5611088
1686,AD1093,1.2997451
1687,AD1094,1.4115665
1688,AD1095,1.2919526
1689,AD1096,1.9290608
1690,AD1097,1.2149231
1691,AD1098,0.46323168
1692,AD1099,0.46323168
1693,AD1100,0.7582342
1694,AD1101,1.7778223
1695,AD1102,1.1299454
1696,AD1103,0.50787246
1697,AD1104,0.46323168
1698,AD1105,1.2997451
1699,AD1106,1.9290608
1700,AD1107,1.4116343
1701,AD1108,1.5907105
1702,AD1109,1.2296302
1703,AD1110,1.7778223
1704,AD1111,1.7546701
1705,AD1112,0.46323168
1706,AD1113,0.46323168
1707,AD1114,1.2919526
1708,AD1115,0.46323168
1709,AD1116,1.2919526
1710,AD1117,1.8039465
1711,AD1118,1.4115665
1712,AD1119,1.3418678
1713,AD1120,1.2296302
1714,AD1121,0.46323168
1715,AD1122,0.93352115
1716,AD1123,1.7531694
1717,AD1124,0.6247235
1718,AD1125,0.50787246
1719,AD1126,1.7907954
1720,AD1127,1.2919526
1721,AD1128,0.57796043
1722,AD1129,1.8103669
1723,AD1130,1.2282672
1724,AD1131,1.2404814
1725,AD1132,1.1828287
1726,AD1133,0.46323168
1727,AD1134,1.2296302
1728,AD1135,0.46323168
1729,AD1136,1.8103669
1730,AD1137,0.46323168
1731,AD1138,0.50787246
1732,AD1139,0.6247235
1733,AD1140,1.2919526
1734,AD1141,1.4715916
1735,AD1142,1.7778223
1736,AD1143,1.4115665
1737,AD1144,1.2919526
1738,AD1145,1.8994707
1739,AD1146,1.2997451
1740,AD1147,1.4115665
1741,AD1148,1.263498
1742,AD1149,1.263498
1743,AD1150,0.46323168
1744,AD1151,1.4115665
1745,AD1152,0.6130081
1746,AD1153,0.46323168
1747,AD1154,0.50787246
1748,AD1155,1.8103669
1749,AD1156,0.98918194
1750,AD1157,1.2919526
1751,AD1158,0.46323168
1752,AD1159,0.98918194
1753,AD1160,0.46323168
1754,AD1161,1.2149231
1755,AD1162,0.46323168
1756,AD1163,0.46323168
1757,AD1164,1.5907105
1758,AD1165,0.46323168
1759,AD1166,1.3728313
1760,AD1167,1.3418678
1761,AD1168,1.1828287
1762,AD1169,1.2296302
1763,AD1170,1.2997451
1764,AD1171,1.8039465
1765,AD1172,1.7778223
1766,AD1173,1.4715916
1767,AD1174,1.7778223
1768,AD1175,1.5907105
1769,AD1176,1.2404814
1770,AD1177,0.46323168
1771,AD1178,1.2919526
1772,AD1179,1.597713
1773,AD1180,0.7582342
1774,AD1181,1.2296302
1775,AD1182,0.46323168
1776,AD1183,0.46323168
1777,AD1184,1.263498
1778,AD1185,0.46323168
1779,AD1186,1.5907105
1780,AD1187,0.46323168
1781,AD1188,0.7582342
1782,AD1189,1.9290608
1783,AD1190,1.3418678
1784,AD1191,0.6247235
1785,AD1192,1.1299454
1786,AD1193,1.4715916
1787,AD1194,1.2997451
1788,AD1195,1.8994707
1789,AD1196,1.2149231
1790,AD1197,1.8994707
1791,AD1198,0.46323168
1792,AD1199,0.46323168
1793,AD1200,0.50787246
1794,AD1201,1.2404814
1795,AD1202,1.3418678
1796,AD1203,1.3728313
1797,AD1204,0.98918194
1798,AD1205,1.7907954
1799,AD1206,1.2997451
1800,AD1207,0.46323168
1801,AD1208,0.46323168
1802,AD1209,1.263498
1803,AD1210,0.46323168
1804,AD1211,1.8994707
1805,AD1212,1.2149231
1806,AD1213,1.7778223
1807,AD1214,1.2919526
1808,AD1215,1.1974826
1809,AD1216,1.1828287
1810,AD1217,1.7944722
1811,AD1218,1.7531694
1812,AD1219,1.1974826
1813,AD1220,1.263498
1814,AD1221,0.57796043
1815,AD1222,1.7778223
1816,AD1223,0.46323168
1817,AD1224,1.8994707
1818,AD1225,0.46323168
1819,AD1226,1.1299454
1820,AD1227,1.5907105
1821,AD1228,1.1974826
1822,AD1229,1.2919526
1823,AD1230,1.8039465
1824,AD1231,0.6247235
1825,AD1232,0.6130081
1826,AD1233,1.2919526
1827,AD1234,1.3831255
1828,AD1235,1.8103669
1829,AD1236,1.263498
1830,AD1237,1.7778223
1831,AD1238,0.50787246
1832,AD1239,0.98918194
1833,AD1240,1.8039465
1834,AD1241,0.46323168
1835,AD1242,1.2282672
1836,AD1243,0.46323168
1837,AD1244,1.8103669
1838,AD1245,1.2714072
1839,AD1246,0.46323168
1840,AD1247,1.86426
1841,AD1248,0.51916355
1842,AD1249,1.8103669
1843,AD1250,1.8994707
1844,AD1251,1.8039465
1845,AD1252,1.1974826
1846,AD1253,0.93352115
1847,AD1254,1.8994707
1848,AD1255,1.4116343
1849,AD1256,1.2282672
1850,AD1257,0.46323168
1851,AD1258,1.2919526
1852,AD1259,1.7778223
1853,AD1260,0.46323168
1854,AD1261,1.5907105
1855,AD1262,0.46323168
1856,AD1263,1.2919526
1857,AD1264,1.2282672
1858,AD1265,1.8103669
1859,AD1266,0.46323168
1860,AD1267,1.4116343
1861,AD1268,1.86426
1862,AD1269,0.46323168
1863,AD1270,1.7531694
1864,AD1271,1.8994707
1865,AD1272,1.1299454
1866,AD1273,1.5907105
1867,AD1274,1.1299454
1868,AD1275,0.6247235
1869,AD1276,0.46323168
1870,AD1277,1.446579
1871,AD1278,0.6130081
1872,AD1279,0.46323168
1873,AD1280,0.46323168
1874,AD1281,1.2919526
1875,AD1282,1.7778223
1876,AD1283,1.2714072
1877,AD1284,1.4115665
1878,AD1285,1.1828287
1879,AD1286,0.46323168
1880,AD1287,1.8039465
1881,AD1288,0.5611088
1882,AD1289,1.2296302
1883,AD1290,0.46323168
1884,AD1291,1.263498
1885,AD1292,0.46323168
1886,AD1293,1.597713
1887,AD1294,1.3831255
1888,AD1295,1.446579
1889,AD1296,1.3728313
1890,AD1297,1.3728313
1891,AD1298,0.46323168
1892,AD1299,1.2997451
1893,AD1300,1.1974826
1894,AD1301,1.1299454
1895,AD1302,1.1974826
1896,AD1303,1.5907105
1897,AD1304,1.2997451
1898,AD1305,0.98918194
1899,AD1306,0.46323168
1900,AD1307,0.93352115
1901,AD1308,1.3418678
1902,AD1309,0.46323168
1903,AD1310,1.2997451
1904,AD1311,1.2919526
1905,AD1312,1.3418678
1906,AD1313,0.6247235
1907,AD1314,1.8039465
1908,AD1315,1.2919526
1909,AD1316,1.4715916
1910,AD1317,1.1828287
1911,AD1318,1.7778223
1912,AD1319,1.2404814
1913,AD1320,0.46323168
1914,AD1321,1.8103669
1915,AD1322,0.6130081
1916,AD1323,1.2919526
1917,AD1324,1.2919526
1918,AD1325,1.7546701
1919,AD1326,0.50787246
1920,AD1327,1.8994707
1921,AD1328,1.7531694
1922,AD1329,1.3418678
1923,AD1330,0.46323168
1924,AD1331,1.2997451
1925,AD1332,1.7907954
1926,AD1333,1.7778223
1927,AD1334,0.6130081
1928,AD1335,1.1828287
1929,AD1336,1.2296302
1930,AD1337,1.8103669
1931,AD1338,1.8039465
1932,AD1339,1.2997451
1933,AD1340,1.8994707
1934,AD1341,1.3418678
1935,AD1342,1.5214227
1936,AD1343,1.5214227
1937,AD1344,1.2149231
1938,AD1345,1.8039465
1939,AD1346,1.5907105
1940,AD1347,0.51916355
1941,AD1348,1.5214227
1942,AD1349,0.46323168
1943,AD1350,1.5907105
1944,AD1351,0.46323168
1945,AD1352,0.46323168
1946,AD1353,1.5907105
1947,AD1354,1.446579
1948,AD1355,0.7582342
1949,AD1356,0.46323168
1950,AD1357,1.2997451
1951,AD1358,1.7778223
1952,AD1359,1.2282672
1953,AD1360,0.50787246
1954,AD1361,1.3418678
1955,AD1362,0.6247235
1956,AD1363,1.4115665
1957,AD1364,1.8103669
1958,AD1365,0.46323168
1959,AD1366,1.7907954
1960,AD1367,0.46323168
1961,AD1368,0.50787246
1962,AD1369,1.4715916
1963,AD1370,0.46323168
1964,AD1371,1.8994707
1965,AD1372,1.7546701
1966,AD1373,0.6130081
1967,AD1374,1.3418678
1968,AD1375,0.6130081
1969,AD1376,0.46323168
1970,AD1377,0.46323168
1971,AD1378,1.7944722
1972,AD1379,0.51916355
1973,AD1380,1.1828287
1974,AD1381,1.8103669
1975,AD1382,0.46323168
1976,AD1383,0.46323168
1977,AD1384,0.46323168
1978,AD1385,1.8994707
1979,AD1386,0.98918194
1980,AD1387,1.8994707
1981,AD1388,1.4116343
1982,AD1389,0.46323168
1983,AD1390,0.93352115
1984,AD1391,0.46323168
1985,AD1392,0.46323168
1986,AD1393,1.7546701
1987,AD1394,1.7692981
1988,AD1395,1.5907105
1989,AD1396,1.5907105
1990,AD1397,0.46323168
1991,AD1398,0.6247235
1992,AD1399,1.8994707
1993,AD1400,1.7944722
1994,AD1401,1.8103669
1995,AD1402,1.9290608
1996,AD1403,1.1828287
1997,AD1404,1.2997451
1998,AD1405,1.446579
1999,AD1406,1.263498
2000,AD1407,1.1974826
2001,AD1408,1.3418678
2002,AD1409,0.46323168
2003,AD1410,1.9290608
2004,AD1411,1.2149231
2005,AD1412,1.1299454
2006,AD1413,0.46323168
2007,AD1414,1.7778223
2008,AD1415,1.7531694
2009,AD1416,1.446579
2010,AD1417,1.2296302
2011,AD1418,0.93352115
2012,AD1419,0.57796043
2013,AD1420,1.2149231
2014,AD1421,1.2919526
2015,AD1422,0.6247235
2016,AD1423,1.2714072
2017,AD1424,0.46323168
2018,AD1425,1.3418678
2019,AD1426,0.51916355
2020,AD1427,1.8994707
2021,AD1428,0.5611088
2022,AD1429,1.1828287
2023,AD1430,1.2404814
2024,AD1431,0.46323168
2025,AD1432,1.7778223
2026,AD1433,1.8994707
2027,AD1434,0.46323168
2028,AD1435,1.9290608
2029,AD1436,0.46323168
2030,AD1437,1.5214227
2031,AD1438,1.8994707
2032,AD1439,1.446579
2033,AD1440,0.46323168
2034,AD1441,1.2149231
2035,AD1442,0.93352115
2036,AD1443,0.6247235
2037,AD1444,1.2919526
2038,AD1445,0.46323168
2039,AD1446,1.2282672
2040,AD1447,1.2919526
2041,AD1448,0.6247235
2042,AD1449,1.2282672
2043,AD1450,1.2296302
2044,AD1451,0.46323168
2045,AD1452,1.7778223
2046,AD1453,0.46323168
2047,AD1454,1.2919526
2048,AD1455,1.3418678
2049,AD1456,1.1974826
2050,AD1457,1.2296302
2051,AD1458,1.2997451
2052,AD1459,1.7778223
2053,AD1460,0.5611088
2054,AD1461,0.46323168
2055,AD1462,1.2149231
2056,AD1463,1.2714072
2057,AD1464,0.46323168
2058,AD1465,1.86426
2059,AD1466,1.7546701
2060,AD1467,1.8994707
2061,AD1468,1.2919526
2062,AD1469,1.2404814
2063,AD1470,1.5907105
2064,AD1471,1.2997451
2065,AD1472,1.86426
2066,AD1473,0.46323168
2067,AD1474,1.5907105
2068,AD1475,1.3418678
2069,AD1476,1.597713
2070,AD1477,0.46323168
2071,AD1478,0.98918194
2072,AD1479,1.2714072
2073,AD1480,0.46323168
2074,AD1481,1.446579
2075,AD1482,0.46323168
2076,AD1483,1.8103669
2077,AD1484,0.6130081
2078,AD1485,1.8994707
2079,AD1486,0.93352115
2080,AD1487,1.2997451
2081,AD1488,1.3831255
2082,AD1489,1.7944722
2083,AD1490,1.8994707
2084,AD1491,1.86426
2085,AD1492,1.2296302
2086,AD1493,0.46323168
2087,AD1494,1.4116343
2088,AD1495,1.2919526
2089,AD1496,0.6050441
2090,AD1497,1.2919526
2091,AD1498,1.4715916
2092,AD1499,1.597713
2093,AD1500,1.446579
2094,AD1501,0.46323168
2095,AD1502,1.7907954
2096,AD1503,0.6247235
2097,AD1504,1.2296302
2098,AD1505,1.2296302
2099,AD1506,1.2404814
2100,AD1507,0.98918194
2101,AD1508,1.1299454
2102,AD1509,0.46323168
2103,AD1510,1.8039465
2104,AD1511,1.3831255
2105,AD1512,1.2997451
2106,AD1513,0.46323168
2107,AD1514,1.8039465
2108,AD1515,1.3728313
2109,AD1516,0.6050441
2110,AD1517,0.46323168
2111,AD1518,1.8994707
2112,AD1519,1.1299454
2113,AD1520,0.46323168
2114,AD1521,0.46323168
2115,AD1522,1.8039465
2116,AD1523,1.8994707
2117,AD1524,0.46323168
2118,AD1525,1.7692981
2119,AD1526,1.8994707
2120,AD1527,1.86426
2121,AD1528,1.8994707
2122,AD1529,1.1828287
2123,AD1530,0.46323168
2124,AD1531,1.3418678
2125,AD1532,0.6130081
2126,AD1533,0.46323168
2127,AD1534,1.2404814
2128,AD1535,1.8994707
2129,AD1536,0.46323168
2130,AD1537,1.5214227
2131,AD1538,0.6247235
2132,AD1539,1.597713
2133,AD1540,1.3728313
2134,AD1541,0.46323168
2135,AD1542,1.2404814
2136,AD1543,1.7778223
2137,AD1544,1.8994707
2138,AD1545,1.3728313
2139,AD1546,0.46323168
2140,AD1547,0.46323168
2141,AD1548,0.51916355
2142,AD1549,1.8994707
2143,AD1550,0.46323168
2144,AD1551,0.46323168
2145,AD1552,1.5907105
2146,AD1553,0.6050441
2147,AD1554,1.8994707
2148,AD1555,0.46323168
2149,AD1556,1.2997451
2150,AD1557,0.46323168
2151,AD1558,1.8103669
2152,AD1559,0.46323168
2153,AD1560,1.2997451
2154,AD1561,1.8994707
2155,AD1562,1.2149231
2156,AD1563,0.46323168
2157,AD1564,1.2296302
2158,AD1565,1.5907105
2159,AD1566,0.46323168
2160,AD1567,0.46323168
2161,AD1568,1.4116343
2162,AD1569,0.6130081
2163,AD1570,0.46323168
2164,AD1571,0.46323168
2165,AD1572,0.46323168
2166,AD1573,0.46323168
2167,AD1574,0.51916355
2168,AD1575,0.46323168
2169,AD1576,1.1974826
2170,AD1577,1.8103669
2171,AD1578,0.46323168
2172,AD1579,0.6130081
2173,AD1580,0.93352115
2174,AD1581,1.3728313
2175,AD1582,1.2997451
2176,AD1583,1.2296302
2177,AD1584,0.98918194
2178,AD1585,0.6130081
2179,AD1586,0.50787246
2180,AD1587,1.7778223
2181,AD1588,1.3728313
2182,AD1589,0.6247235
2183,AD1590,1.3831255
2184,AD1591,1.2919526
2185,AD1592,1.7778223
2186,AD1593,0.46323168
2187,AD1594,1.8994707
2188,AD1595,1.446579
2189,AD1596,0.46323168
2190,AD1597,0.6050441
2191,AD1598,0.7582342
2192,AD1599,1.597713
2193,AD1600,0.7582342
2194,AD1601,0.57796043
2195,AD1602,1.3831255
2196,AD1603,1.8103669
2197,AD1604,0.46323168
2198,AD1605,1.3728313
2199,AD1606,1.2296302
2200,AD1607,1.8039465
2201,AD1608,1.8994707
2202,AD1609,1.4715916
2203,AD1610,1.2919526
2204,AD1611,1.4116343
2205,AD1612,0.46323168
2206,AD1613,1.5907105
2207,AD1614,0.51916355
2208,AD1615,1.7778223
2209,AD1616,1.2296302
2210,AD1617,0.5611088
2211,AD1618,0.46323168
2212,AD1619,0.46323168
2213,AD1620,0.98918194
2214,AD1621,1.3418678
2215,AD1622,1.2919526
2216,AD1623,1.1828287
2217,AD1624,0.46323168
2218,AD1625,0.51916355
2219,AD1626,1.5907105
2220,AD1627,0.46323168
2221,AD1628,1.2919526
2222,AD1629,1.8039465
2223,AD1630,1.8994707
2224,AD1631,1.7692981
2225,AD1632,1.7531694
2226,AD1633,0.57796043
2227,AD1634,0.6050441
2228,AD1635,0.51916355
2229,AD1636,0.46323168
2230,AD1637,0.46323168
2231,AD1638,1.4115665
2232,AD1639,1.7692981
2233,AD1640,0.46323168
2234,AD1641,1.7944722
2235,AD1642,1.263498
2236,AD1643,1.8039465
2237,AD1644,1.7531694
2238,AD1645,0.46323168
2239,AD1646,1.8103669
2240,AD1647,0.46323168
2241,AD1648,1.8039465
2242,AD1649,1.2997451
2243,AD1650,1.8039465
2244,AD1651,1.2282672
2245,AD1652,0.6050441
2246,AD1653,0.46323168
2247,AD1654,1.8994707
2248,AD1655,1.2282672
2249,AD1656,1.7944722
2250,AD1657,0.46323168
2251,AD1658,1.2404814
2252,AD1659,0.46323168
2253,AD1660,0.98918194
2254,AD1661,0.46323168
2255,AD1662,1.3728313
2256,AD1663,1.2919526
2257,AD1664,0.51916355
2258,AD1665,0.46323168
2259,AD1666,0.46323168
2260,AD1667,0.6247235
2261,AD1668,0.46323168
2262,AD1669,1.5214227
2263,AD1670,1.1974826
2264,AD1671,0.46323168
2265,AD1672,0.5611088
2266,AD1673,1.2997451
2267,AD1674,0.50787246
2268,AD1675,1.1828287
2269,AD1676,0.46323168
2270,AD1677,1.7778223
2271,AD1678,0.6050441
2272,AD1679,0.46323168
2273,AD1680,0.46323168
2274,AD1681,0.46323168
2275,AD1682,0.5611088
2276,AD1683,1.7692981
2277,AD1684,0.50787246
2278,AD1685,0.46323168
2279,AD1686,1.2282672
2280,AD1687,0.5611088
2281,AD1688,0.46323168
2282,AD1689,0.46323168
2283,AD1690,1.2404814
2284,AD1691,1.2296302
2285,AD1692,1.2919526
2286,AD1693,0.51916355
2287,AD1694,1.4116343
2288,AD1695,1.1974826
2289,AD1696,1.4116343
2290,AD1697,1.7692981
2291,AD1698,0.46323168
2292,AD1699,0.46323168
2293,AD1700,0.46323168
2294,AD1701,1.4116343
2295,AD1702,0.46323168
2296,AD1703,0.6247235
2297,AD1704,0.46323168
2298,AD1705,0.46323168
2299,AD1706,0.6247235
2300,AD1707,0.46323168
2301,AD1708,0.6130081
2302,AD1709,1.2997451
2303,AD1710,0.46323168
2304,AD1711,1.86426
2305,AD1712,1.9290608
2306,AD1713,1.2997451
2307,AD1714,1.2149231
2308,AD1715,0.5611088
2309,AD1716,1.4115665
2310,AD1717,1.8103669
2311,AD1718,0.46323168
2312,AD1719,1.7944722
2313,AD1720,0.6130081
2314,AD1721,0.7582342
2315,AD1722,1.8994707
2316,AD1723,0.57796043
2317,AD1724,1.5214227
2318,AD1725,1.2997451
2319,AD1726,1.7531694
2320,AD1727,1.2296302
2321,AD1728,0.46323168
2322,AD1729,1.4116343
2323,AD1730,0.46323168
2324,AD1731,0.6247235
2325,AD1732,1.7778223
2326,AD1733,1.2296302
2327,AD1734,0.46323168
2328,AD1735,0.51916355
2329,AD1736,1.2919526
2330,AD1737,1.2997451
2331,AD1738,1.3418678
2332,AD1739,0.5611088
2333,AD1740,1.8039465
2334,AD1741,1.8103669
2335,AD1742,0.46323168
2336,AD1743,1.2919526
2337,AD1744,0.6130081
2338,AD1745,1.2404814
2339,AD1746,1.2997451
2340,AD1747,1.7907954
2341,AD1748,1.1828287
2342,AD1749,1.4115665
2343,AD1750,0.46323168
2344,AD1751,0.98918194
2345,AD1752,0.46323168
2346,AD1753,0.50787246
2347,AD1754,1.5214227
2348,AD1755,0.46323168
2349,AD1756,1.7778223
2350,AD1757,1.8994707
2351,AD1758,1.3728313
2352,AD1759,0.57796043
2353,AD1760,0.7582342
2354,AD1761,1.1828287
2355,AD1762,0.50787246
2356,AD1763,1.1828287
2357,AD1764,1.1299454
2358,AD1765,0.50787246
2359,AD1766,1.1299454
2360,AD1767,1.2919526
2361,AD1768,0.46323168
2362,AD1769,1.5214227
2363,AD1770,0.46323168
2364,AD1771,1.2997451
2365,AD1772,0.46323168
2366,AD1773,1.2296302
2367,AD1774,1.2282672
2368,AD1775,0.93352115
2369,AD1776,1.1299454
2370,AD1777,1.446579
2371,AD1778,1.4115665
2372,AD1779,0.46323168
2373,AD1780,1.8039465
2374,AD1781,1.8994707
2375,AD1782,0.46323168
2376,AD1783,1.2149231
2377,AD1784,0.6050441
2378,AD1785,0.46323168
2379,AD1786,1.9290608
2380,AD1787,1.2714072
2381,AD1788,1.3728313
2382,AD1789,1.2404814
2383,AD1790,1.3418678
2384,AD1791,0.6247235
2385,AD1792,1.5907105
2386,AD1793,1.1828287
2387,AD1794,0.7582342
2388,AD1795,1.1828287
2389,AD1796,1.4116343
2390,AD1797,0.46323168
2391,AD1798,1.597713
2392,AD1799,0.98918194
2393,AD1800,0.50787246
2394,AD1801,1.5907105
2395,AD1802,1.5214227
2396,AD1803,1.7546701
2397,AD1804,0.46323168
2398,AD1805,0.46323168
2399,AD1806,1.2296302
2400,AD1807,1.7692981
2401,AD1808,1.2714072
2402,AD1809,1.2296302
2403,AD1810,1.2282672
2404,AD1811,0.98918194
2405,AD1812,0.50787246
2406,AD1813,0.6247235
2407,AD1814,0.6130081
2408,AD1815,1.597713
2409,AD1816,0.98918194
2410,AD1817,1.2404814
2411,AD1818,0.98918194
2412,AD1819,0.46323168
2413,AD1820,1.1299454
2414,AD1821,0.46323168
2415,AD1822,1.5907105
2416,AD1823,1.7944722
2417,AD1824,1.7944722
2418,AD1825,0.98918194
2419,AD1826,0.5611088
2420,AD1827,1.7907954
2421,AD1828,1.4115665
2422,AD1829,0.46323168
2423,AD1830,0.46323168
2424,AD1831,1.3728313
2425,AD1832,1.7546701
2426,AD1833,1.1299454
2427,AD1834,0.7582342
2428,AD1835,0.46323168
2429,AD1836,1.8994707
2430,AD1837,0.46323168
2431,AD1838,0.46323168
2432,AD1839,1.3831255
2433,AD1840,1.2149231
2434,AD1841,0.93352115
2435,AD1842,1.2997451
2436,AD1843,1.1828287
2437,AD1844,1.7944722
2438,AD1845,1.3418678
2439,AD1846,1.1299454
2440,AD1847,1.9290608
2441,AD1848,1.4715916
2442,AD1849,0.46323168
2443,AD1850,0.46323168
2444,AD1851,1.8994707
2445,AD1852,1.3418678
2446,AD1853,1.5907105
2447,AD1854,1.5907105
2448,AD1855,1.1974826
2449,AD1856,1.1974826
2450,AD1857,1.4715916
2451,AD1858,1.2997451
2452,AD1859,1.4115665
2453,AD1860,1.7778223
2454,AD1861,1.8994707
2455,AD1862,0.46323168
2456,AD1863,0.46323168
2457,AD1864,1.7778223
2458,AD1865,0.5611088
2459,AD1866,0.46323168
2460,AD1867,1.8994707
2461,AD1868,0.93352115
2462,AD1869,1.3418678
2463,AD1870,1.4715916
2464,AD1871,0.46323168
2465,AD1872,0.7582342
2466,AD1873,1.2296302
2467,AD1874,0.46323168
2468,AD1875,1.8039465
2469,AD1876,1.2997451
2470,AD1877,1.1299454
2471,AD1878,1.2997451
2472,AD1879,1.86426
2473,AD1880,1.7907954
2474,AD1881,0.93352115
2475,AD1882,0.50787246
2476,AD1883,0.46323168
2477,AD1884,1.2919526
2478,AD1885,0.6050441
2479,AD1886,0.46323168
2480,AD1887,1.2296302
2481,AD1888,1.5907105
2482,AD1889,1.7692981
2483,AD1890,0.46323168
2484,AD1891,1.7944722
2485,AD1892,1.2282672
2486,AD1893,1.2997451
2487,AD1894,1.8994707
2488,AD1895,1.7907954
2489,AD1896,0.51916355
2490,AD1897,1.3831255
2491,AD1898,0.46323168
2492,AD1899,1.2282672
2493,AD1900,1.2149231
2494,AD1901,0.98918194
2495,AD1902,0.46323168
2496,AD1903,0.46323168
2497,AD1904,1.7907954
2498,AD1905,0.46323168
2499,AD1906,0.46323168
2500,AD1907,1.5214227
2501,AD1908,1.7778223
2502,AD1909,0.46323168
2503,AD1910,1.4715916
2504,AD1911,1.5907105
2505,AD1912,0.93352115
2506,AD1913,1.5907105
2507,AD1914,1.1299454
2508,AD1915,0.46323168
2509,AD1916,1.1974826
2510,AD1917,0.7582342
2511,AD1918,1.8039465
2512,AD1919,1.2282672
2513,AD1920,0.46323168
2514,AD1921,0.46323168
2515,AD1922,0.46323168
2516,AD1923,1.2404814
2517,AD1924,0.7582342
2518,AD1925,1.8994707
2519,AD1926,0.46323168
2520,AD1927,0.51916355
2521,AD1928,1.2919526
2522,AD1929,0.7582342
2523,AD1930,1.5907105
2524,AD1931,1.7778223
2525,AD1932,1.1828287
2526,AD1933,0.98918194
2527,AD1934,1.263498
2528,AD1935,1.1299454
2529,AD1936,1.2919526
2530,AD1937,0.46323168
2531,AD1938,0.5611088
2532,AD1939,1.8994707
2533,AD1940,1.8103669
2534,AD1941,0.46323168
2535,AD1942,1.7546701
2536,AD1943,0.57796043
2537,AD1944,1.2714072
2538,AD1945,1.4116343
2539,AD1946,1.597713
2540,AD1947,1.3831255
2541,AD1948,1.2282672
2542,AD1949,1.1299454
2543,AD1950,1.2714072
2544,AD1951,1.446579
2545,AD1952,1.3728313
2546,AD1953,0.46323168
2547,AD1954,1.4115665
2548,AD1955,0.46323168
2549,AD1956,1.3418678
2550,AD1957,0.46323168
2551,AD1958,1.5907105
2552,AD1959,1.2997451
2553,AD1960,1.7907954
2554,AD1961,1.3418678
2555,AD1962,1.7531694
2556,AD1963,0.46323168
2557,AD1964,1.3418678
2558,AD1965,1.2997451
2559,AD1966,1.3728313
2560,AD1967,1.1974826
2561,AD1968,1.7531694
2562,AD1969,0.46323168
2563,AD1970,1.8103669
2564,AD1971,1.7944722
2565,AD1972,1.7531694
2566,AD1973,0.46323168
2567,AD1974,0.46323168
2568,AD1975,1.5907105
2569,AD1976,0.46323168
2570,AD1977,0.46323168
2571,AD1978,1.2296302
2572,AD1979,0.6130081
2573,AD1980,1.9290608
2574,AD1981,0.46323168
2575,AD1982,0.46323168
2576,AD1983,1.2296302
2577,AD1984,0.46323168
2578,AD1985,0.46323168
2579,AD1986,1.8994707
2580,AD1987,0.6130081
2581,AD1988,0.46323168
2582,AD1989,1.5907105
2583,AD1990,1.8103669
2584,AD1991,0.46323168
2585,AD1992,1.2296302
2586,AD1993,1.1974826
2587,AD1994,1.2714072
2588,AD1995,1.7944722
2589,AD1996,1.5214227
2590,AD1997,0.7582342
2591,AD1998,0.46323168
2592,AD1999,1.7907954
2593,AD2000,1.446579
2594,AD2001,0.46323168
2595,AD2002,1.2919526
2596,AD2003,0.6050441
2597,AD2004,0.50787246
2598,AD2005,0.46323168
2599,AD2006,1.2997451
2600,AD2007,1.446579
2601,AD2008,1.5214227
2602,AD2009,1.8994707
2603,AD2010,1.8994707
2604,AD2011,0.46323168
2605,AD2012,0.51916355
2606,AD2013,1.1828287
2607,AD2014,0.46323168
2608,AD2015,0.46323168
2609,AD2016,0.46323168
2610,AD2017,1.7907954
2611,AD2018,1.8103669
2612,AD2019,1.8994707
2613,AD2020,1.2997451
2614,AD2021,1.2997451
2615,AD2022,1.1974826
2616,AD2023,0.46323168
2617,AD2024,0.46323168
2618,AD2025,1.9290608
2619,AD2026,1.2282672
2620,AD2027,1.446579
2621,AD2028,0.46323168
2622,AD2029,1.2919526
2623,AD2030,0.6247235
2624,AD2031,1.9290608
2625,AD2032,1.2997451
2626,AD2033,0.46323168
2627,AD2034,0.46323168
2628,AD2035,1.8994707
2629,AD2036,0.46323168
2630,AD2037,0.46323168
2631,AD2038,1.2997451
2632,AD2039,0.51916355
2633,AD2040,1.7944722
2634,AD2041,0.5611088
2635,AD2042,0.98918194
2636,AD2043,1.7944722
2637,AD2044,1.8103669
2638,AD2045,1.5907105
2639,AD2046,1.8103669
2640,AD2047,1.7546701
2641,AD2048,1.2296302
2642,AD2049,0.51916355
2643,AD2050,1.8103669
2644,AD2051,1.8994707
2645,AD2052,0.46323168
2646,AD2053,1.2919526
2647,AD2054,1.7778223
2648,AD2055,1.5907105
2649,AD2056,0.6247235
2650,AD2057,0.46323168
2651,AD2058,0.46323168
2652,AD2059,1.4715916
2653,AD2060,0.46323168
2654,AD2061,1.8039465
2655,AD2062,1.2296302
2656,AD2063,1.8994707
2657,AD2064,1.3728313
2658,AD2065,1.8039465
2659,AD2066,0.46323168
2660,AD2067,0.46323168
2661,AD2068,0.46323168
2662,AD2069,0.46323168
2663,AD2070,1.2919526
2664,AD2071,1.4116343
2665,AD2072,1.3831255
2666,AD2073,1.2404814
2667,AD2074,1.1299454
2668,AD2075,1.7944722
2669,AD2076,0.46323168
2670,AD2077,1.4715916
2671,AD2078,1.2919526
2672,AD2079,0.51916355
2673,AD2080,0.46323168
2674,AD2081,1.8103669
2675,AD2082,1.2296302
2676,AD2083,1.86426
2677,AD2084,0.46323168
2678,AD2085,1.7546701
2679,AD2086,1.446579
2680,AD2087,1.2919526
2681,AD2088,1.8103669
2682,AD2089,1.7778223
2683,AD2090,0.50787246
2684,AD2091,1.5907105
2685,AD2092,0.46323168
2686,AD2093,1.8994707
2687,AD2094,1.8994707
2688,AD2095,0.46323168
2689,AD2096,1.2149231
2690,AD2097,0.50787246
2691,AD2098,1.5907105
2692,AD2099,1.5907105
2693,AD2100,1.2282672
2694,AD2101,0.46323168
2695,AD2102,1.7907954
2696,AD2103,1.2919526
2697,AD2104,0.46323168
2698,AD2105,0.46323168
2699,AD2106,1.1828287
2700,AD2107,0.93352115
2701,AD2108,0.46323168
2702,AD2109,1.8103669
2703,AD2110,1.9290608
2704,AD2111,1.2997451
2705,AD2112,0.46323168
2706,AD2113,0.46323168
2707,AD2114,0.51916355
2708,AD2115,0.6247235
2709,AD2116,0.50787246
2710,AD2117,1.1299454
2711,AD2118,0.46323168
2712,AD2119,0.50787246
2713,AD2120,0.46323168
2714,AD2121,0.50787246
2715,AD2122,0.98918194
2716,AD2123,0.46323168
2717,AD2124,1.3728313
2718,AD2125,1.1974826
2719,AD2126,1.2296302
2720,AD2127,0.46323168
2721,AD2128,0.46323168
2722,AD2129,1.3418678
2723,AD2130,1.2919526
2724,AD2131,1.1299454
2725,AD2132,1.4116343
2726,AD2133,0.46323168
2727,AD2134,1.8039465
2728,AD2135,1.446579
2729,AD2136,1.8994707
2730,AD2137,0.46323168
2731,AD2138,1.2997451
2732,AD2139,1.2997451
2733,AD2140,1.7907954
2734,AD2141,0.46323168
2735,AD2142,1.7907954
2736,AD2143,0.57796043
2737,AD2144,1.7944722
2738,AD2145,0.46323168
2739,AD2146,1.2149231
2740,AD2147,1.7778223
2741,AD2148,0.6130081
2742,AD2149,0.46323168
2743,AD2150,0.51916355
2744,AD2151,1.5907105
2745,AD2152,0.46323168
2746,AD2153,0.46323168
2747,AD2154,1.2997451
2748,AD2155,1.2997451
2749,AD2156,1.5907105
2750,AD2157,0.46323168
2751,AD2158,0.46323168
2752,AD2159,0.98918194
2753,AD2160,1.8994707
2754,AD2161,0.46323168
2755,AD2162,1.3418678
2756,AD2163,1.7692981
2757,AD2164,1.2282672
2758,AD2165,0.7582342
2759,AD2166,1.2997451
2760,AD2167,1.2282672
2761,AD2168,0.46323168
2762,AD2169,0.46323168
2763,AD2170,1.2919526
2764,AD2171,1.8994707
2765,AD2172,0.46323168
2766,AD2173,1.2282672
2767,AD2174,0.46323168
2768,AD2175,0.57796043
2769,AD2176,1.8994707
2770,AD2177,1.7944722
2771,AD2178,1.7778223
2772,AD2179,0.6247235
2773,AD2180,1.446579
2774,AD2181,1.4115665
2775,AD2182,0.46323168
2776,AD2183,0.46323168
2777,AD2184,0.46323168
2778,AD2185,1.7531694
2779,AD2186,1.7546701
2780,AD2187,0.46323168
2781,AD2188,1.5907105
2782,AD2189,0.98918194
2783,AD2190,0.6130081
2784,AD2191,1.8994707
2785,AD2192,0.46323168
2786,AD2193,1.7778223
2787,AD2194,0.46323168
2788,AD2195,1.3728313
2789,AD2196,1.2997451
2790,AD2197,1.9290608
2791,AD2198,0.46323168
2792,AD2199,1.4115665
2793,AD2200,0.46323168
2794,AD2201,1.2714072
2795,AD2202,1.1828287
2796,AD2203,0.46323168
2797,AD2204,1.597713
2798,AD2205,1.4715916
2799,AD2206,0.46323168
2800,AD2207,0.6130081
2801,AD2208,1.2404814
2802,AD2209,1.2282672
2803,AD2210,0.93352115
2804,AD2211,1.263498
2805,AD2212,1.2919526
2806,AD2213,0.46323168
2807,AD2214,0.51916355
2808,AD2215,1.7778223
2809,AD2216,0.7582342
2810,AD2217,1.2714072
2811,AD2218,1.7692981
2812,AD2219,1.7531694
2813,AD2220,1.2919526
2814,AD2221,0.7582342
2815,AD2222,1.2296302
2816,AD2223,0.46323168
2817,AD2224,1.2404814
2818,AD2225,1.5214227
2819,AD2226,1.8103669
2820,AD2227,1.5214227
2821,AD2228,1.5214227
2822,AD2229,0.57796043
2823,AD2230,1.1828287
2824,AD2231,1.2282672
2825,AD2232,1.2714072
2826,AD2233,0.6130081
2827,AD2234,1.2919526
2828,AD2235,1.2997451
2829,AD2236,0.50787246
2830,AD2237,0.46323168
2831,AD2238,0.46323168
2832,AD2239,0.7582342
2833,AD2240,1.4715916
2834,AD2241,0.98918194
2835,AD2242,0.46323168
2836,AD2243,1.2282672
2837,AD2244,0.46323168
2838,AD2245,1.86426
2839,AD2246,1.7778223
2840,AD2247,0.46323168
2841,AD2248,1.8994707
2842,AD2249,0.46323168
2843,AD2250,1.3418678
2844,AD2251,1.1299454
2845,AD2252,0.7582342
2846,AD2253,1.5907105
2847,AD2254,0.46323168
2848,AD2255,0.46323168
2849,AD2256,1.7778223
2850,AD2257,1.8994707
2851,AD2258,1.7778223
2852,AD2259,0.46323168
2853,AD2260,1.2919526
2854,AD2261,1.8039465
2855,AD2262,1.86426
2856,AD2263,0.6130081
2857,AD2264,1.446579
2858,AD2265,1.8994707
2859,AD2266,1.3418678
2860,AD2267,0.98918194
2861,AD2268,0.46323168
2862,AD2269,0.6050441
2863,AD2270,1.2919526
2864,AD2271,0.5611088
2865,AD2272,0.6247235
2866,AD2273,1.2296302
2867,AD2274,1.7778223
2868,AD2275,1.9290608
2869,AD2276,1.8103669
2870,AD2277,1.8994707
2871,AD2278,1.2997451
2872,AD2279,1.3728313
2873,AD2280,0.46323168
2874,AD2281,1.1828287
2875,AD2282,0.93352115
2876,AD2283,1.2296302
2877,AD2284,1.8994707
2878,AD2285,0.46323168
2879,AD2286,1.2404814
2880,AD2287,0.46323168
2881,AD2288,1.4115665
2882,AD2289,1.9290608
2883,AD2290,0.98918194
2884,AD2291,1.7546701
2885,AD2292,0.6247235
2886,AD2293,1.7531694
2887,AD2294,0.46323168
2888,AD2295,1.4115665
2889,AD2296,1.4715916
2890,AD2297,0.46323168
2891,AD2298,0.46323168
2892,AD2299,1.3831255
2893,AD2300,0.46323168
2894,AD2301,1.3831255
2895,AD2302,1.263498
2896,AD2303,0.46323168
2897,AD2304,1.4115665
2898,AD2305,1.8103669
2899,AD2306,0.7582342
2900,AD2307,1.4715916
2901,AD2308,0.6050441
2902,AD2309,0.46323168
2903,AD2310,1.1828287
2904,AD2311,0.46323168
2905,AD2312,0.57796043
2906,AD2313,0.46323168
2907,AD2314,1.8103669
2908,AD2315,1.2919526
2909,AD2316,0.46323168
2910,AD2317,0.46323168
2911,AD2318,0.7582342
2912,AD2319,1.7546701
2913,AD2320,0.7582342
2914,AD2321,0.6247235
2915,AD2322,0.46323168
2916,AD2323,0.57796043
2917,AD2324,1.2282672
2918,AD2325,1.7546701
2919,AD2326,1.2919526
2920,AD2327,0.46323168
2921,AD2328,0.51916355
2922,AD2329,1.8039465
2923,AD2330,1.4116343
2924,AD2331,1.4116343
2925,AD2332,1.597713
2926,AD2333,0.50787246
2927,AD2334,1.7531694
2928,AD2335,1.8103669
2929,AD2336,1.2149231
2930,AD2337,1.8994707
2931,AD2338,0.46323168
2932,AD2339,1.3418678
2933,AD2340,1.4715916
2934,AD2341,1.7907954
2935,AD2342,1.1828287
2936,AD2343,1.1974826
2937,AD2344,0.6247235
2938,AD2345,1.7546701
2939,AD2346,1.8103669
2940,AD2347,1.4715916
2941,AD2348,0.6050441
2942,AD2349,1.2919526
2943,AD2350,1.7778223
2944,AD2351,0.46323168
2945,AD2352,1.2997451
2946,AD2353,1.8994707
2947,AD2354,0.46323168
2948,AD2355,0.51916355
2949,AD2356,0.46323168
2950,AD2357,0.46323168
2951,AD2358,1.446579
2952,AD2359,1.7944722
2953,AD2360,1.2997451
2954,AD2361,1.8994707
2955,AD2362,1.597713
2956,AD2363,0.46323168
2957,AD2364,0.6130081
2958,AD2365,0.6247235
2959,AD2366,0.46323168
2960,AD2367,1.4115665
2961,AD2368,1.2149231
2962,AD2369,0.46323168
2963,AD2370,0.46323168
2964,AD2371,1.4116343
2965,AD2372,1.2714072
2966,AD2373,1.8039465
2967,AD2374,1.1828287
2968,AD2375,1.2997451
2969,AD2376,1.1299454
2970,AD2377,1.8994707
2971,AD2378,1.1828287
2972,AD2379,1.446579
2973,AD2380,1.446579
2974,AD2381,1.2149231
2975,AD2382,0.46323168
2976,AD2383,1.2997451
2977,AD2384,1.7531694
2978,AD2385,1.4116343
2979,AD2386,1.446579
2980,AD2387,1.7531694
2981,AD2388,1.1974826
2982,AD2389,1.8994707
2983,AD2390,1.9290608
2984,AD2391,1.2296302
2985,AD2392,0.93352115
2986,AD2393,0.7582342
2987,AD2394,0.46323168
2988,AD2395,1.2997451
2989,AD2396,1.3831255
2990,AD2397,1.2714072
2991,AD2398,0.93352115
2992,AD2399,1.8994707
2993,AD2400,1.8994707
2994,AD2401,0.6050441
2995,AD2402,0.51916355
2996,AD2403,0.7582342
2997,AD2404,1.5214227
2998,AD2405,0.6247235
2999,AD2406,0.46323168
3000,AD2407,1.9290608
3001,AD2408,0.46323168
3002,AD2409,1.597713
3003,AD2410,1.2296302
3004,AD2411,0.46323168
3005,AD2412,0.46323168
3006,AD2413,1.2282672
3007,AD2414,1.5907105
3008,AD2415,1.4115665
3009,AD2416,0.7582342
3010,AD2417,1.2919526
3011,AD2418,1.3728313
3012,AD2419,1.4115665
3013,AD2420,1.2282672
3014,AD2421,0.46323168
3015,AD2422,1.2997451
3016,AD2423,0.57796043
3017,AD2424,0.46323168
3018,AD2425,0.46323168
3019,AD2426,1.2919526
3020,AD2427,0.98918194
3021,AD2428,1.86426
3022,AD2429,1.86426
3023,AD2430,0.46323168
3024,AD2431,0.7582342
3025,AD2432,0.46323168
3026,AD2433,0.46323168
3027,AD2434,1.5907105
3028,AD2435,0.46323168
3029,AD2436,1.7778223
3030,AD2437,1.2296302
3031,AD2438,1.2404814
3032,AD2439,1.3831255
3033,AD2440,1.7778223
3034,AD2441,0.46323168
3035,AD2442,1.5214227
3036,AD2443,1.7778223
3037,AD2444,1.7944722
3038,AD2445,1.7944722
3039,AD2446,0.46323168
3040,AD2447,1.2149231
3041,AD2448,0.46323168
3042,AD2449,1.2919526
3043,AD2450,1.2997451
3044,AD2451,0.6130081
3045,AD2452,1.2997451
3046,AD2453,1.3831255
3047,AD2454,0.93352115
3048,AD2455,1.597713
3049,AD2456,0.7582342
3050,AD2457,1.1299454
3051,AD2458,0.57796043
3052,AD2459,1.9290608
3053,AD2460,0.46323168
3054,AD2461,1.1974826
3055,AD2462,1.5907105
3056,AD2463,1.9290608
3057,AD2464,1.2282672
3058,AD2465,1.8994707
3059,AD2466,0.5611088
3060,AD2467,0.51916355
3061,AD2468,1.7778223
3062,AD2469,0.46323168
3063,AD2470,0.46323168
3064,AD2471,0.50787246
3065,AD2472,0.46323168
3066,AD2473,1.7944722
3067,AD2474,1.2296302
3068,AD2475,1.2997451
3069,AD2476,0.6130081
3070,AD2477,0.6247235
3071,AD2478,1.2296302
3072,AD2479,1.7778223
3073,AD2480,1.2404814
3074,AD2481,1.446579
3075,AD2482,1.8103669
3076,AD2483,1.597713
3077,AD2484,0.46323168
3078,AD2485,1.263498
3079,AD2486,0.6130081
3080,AD2487,0.46323168
3081,AD2488,1.2296302
3082,AD2489,0.46323168
3083,AD2490,1.5907105
3084,AD2491,0.46323168
3085,AD2492,0.46323168
3086,AD2493,1.8103669
3087,AD2494,1.2296302
3088,AD2495,1.3831255
3089,AD2496,1.2296302
3090,AD2497,1.5907105
3091,AD2498,1.5214227
3092,AD2499,1.597713
3093,AD2500,0.46323168
3094,AD2501,1.7546701
3095,AD2502,1.2404814
3096,AD2503,1.8994707
3097,AD2504,1.3418678
3098,AD2505,0.46323168
3099,AD2506,0.46323168
3100,AD2507,1.4115665
3101,AD2508,1.263498
3102,AD2509,1.2919526
3103,AD2510,0.46323168
3104,AD2511,1.8103669
3105,AD2512,1.1828287
3106,AD2513,1.2997451
3107,AD2514,1.7944722
3108,AD2515,1.446579
3109,AD2516,1.8994707
3110,AD2517,1.8994707
3111,AD2518,0.46323168
3112,AD2519,1.1974826
3113,AD2520,1.446579
3114,AD2521,0.6130081
3115,AD2522,1.2997451
3116,AD2523,1.2919526
3117,AD2524,1.2296302
3118,AD2525,1.2997451
3119,AD2526,0.6247235
3120,AD2527,1.1828287
3121,AD2528,0.46323168
3122,AD2529,1.2296302
3123,AD2530,1.2149231
3124,AD2531,1.8103669
3125,AD2532,1.8103669
3126,AD2533,1.4115665
3127,AD2534,1.8103669
3128,AD2535,1.8994707
3129,AD2536,1.8103669
3130,AD2537,0.7582342
3131,AD2538,1.2282672
3132,AD2539,1.2997451
3133,AD2540,1.8039465
3134,AD2541,0.46323168
3135,AD2542,1.4715916
3136,AD2543,0.93352115
3137,AD2544,1.2919526
3138,AD2545,0.46323168
3139,AD2546,0.50787246
3140,AD2547,0.46323168
3141,AD2548,1.8994707
3142,AD2549,0.46323168
3143,AD2550,1.2919526
3144,AD2551,0.46323168
3145,AD2552,0.57796043
3146,AD2553,1.263498
3147,AD2554,1.1828287
3148,AD2555,1.263498
3149,AD2556,1.5907105
3150,AD2557,1.7531694
3151,AD2558,1.8994707
3152,AD2559,1.2404814
3153,AD2560,1.2919526
3154,AD2561,0.46323168
3155,AD2562,0.46323168
3156,AD2563,1.2919526
3157,AD2564,1.2919526
3158,AD2565,1.7692981
3159,AD2566,1.4115665
3160,AD2567,0.46323168
3161,AD2568,1.7907954
3162,AD2569,1.4115665
3163,AD2570,0.5611088
3164,AD2571,0.46323168
3165,AD2572,0.46323168
3166,AD2573,0.46323168
3167,AD2574,1.597713
3168,AD2575,1.2919526
3169,AD2576,0.46323168
3170,AD2577,0.46323168
3171,AD2578,1.8994707
3172,AD2579,0.6050441
3173,AD2580,1.8103669
3174,AD2581,1.7778223
3175,AD2582,0.46323168
3176,AD2583,0.6247235
3177,AD2584,1.4715916
3178,AD2585,0.93352115
3179,AD2586,1.4115665
3180,AD2587,0.6247235
3181,AD2588,0.57796043
3182,AD2589,1.9290608
3183,AD2590,1.8103669
3184,AD2591,0.93352115
3185,AD2592,1.8994707
3186,AD2593,0.6247235
3187,AD2594,0.46323168
3188,AD2595,1.2919526
3189,AD2596,0.46323168
3190,AD2597,0.6050441
3191,AD2598,0.46323168
3192,AD2599,1.2296302
3193,AD2600,1.3418678
3194,AD2601,1.2404814
3195,AD2602,0.46323168
3196,AD2603,0.46323168
3197,AD2604,1.1299454
3198,AD2605,1.2296302
3199,AD2606,0.46323168
3200,AD2607,0.46323168
3201,AD2608,0.46323168
3202,AD2609,1.2997451
3203,AD2610,1.9290608
3204,AD2611,1.2282672
3205,AD2612,1.4116343
3206,AD2613,1.2997451
3207,AD2614,1.4115665
3208,AD2615,1.7778223
3209,AD2616,1.7778223
3210,AD2617,0.6050441
3211,AD2618,1.2714072
3212,AD2619,1.8994707
3213,AD2620,1.9290608
3214,AD2621,1.8994707
3215,AD2622,0.50787246
3216,AD2623,0.46323168
3217,AD2624,0.6247235
3218,AD2625,0.57796043
3219,AD2626,1.7944722
3220,AD2627,1.2997451
3221,AD2628,0.46323168
3222,AD2629,0.51916355
3223,AD2630,1.7778223
3224,AD2631,1.7778223
3225,AD2632,0.46323168
3226,AD2633,1.446579
3227,AD2634,1.597713
3228,AD2635,1.1974826
3229,AD2636,1.8994707
3230,AD2637,0.46323168
3231,AD2638,1.7531694
3232,AD2639,0.46323168
3233,AD2640,0.50787246
3234,AD2641,1.2919526
3235,AD2642,1.263498
3236,AD2643,1.5214227
3237,AD2644,1.7907954
3238,AD2645,1.86426
3239,AD2646,1.5214227
3240,AD2647,0.46323168
3241,AD2648,0.6050441
3242,AD2649,0.98918194
3243,AD2650,1.3728313
3244,AD2651,1.4116343
3245,AD2652,1.1974826
3246,AD2653,1.3728313
3247,AD2654,1.3418678
3248,AD2655,0.5611088
3249,AD2656,0.6247235
3250,AD2657,0.46323168
3251,AD2658,0.46323168
3252,AD2659,1.3831255
3253,AD2660,0.46323168
3254,AD2661,1.3418678
3255,AD2662,1.86426
3256,AD2663,1.7944722
3257,AD2664,1.8994707
3258,AD2665,0.6247235
3259,AD2666,0.46323168
3260,AD2667,0.46323168
3261,AD2668,0.50787246
3262,AD2669,0.5611088
3263,AD2670,1.3728313
3264,AD2671,0.57796043
3265,AD2672,1.1299454
3266,AD2673,1.7778223
3267,AD2674,1.5214227
3268,AD2675,1.8994707
3269,AD2676,0.7582342
3270,AD2677,1.8994707
3271,AD2678,0.6130081
3272,AD2679,1.1299454
3273,AD2680,0.46323168
3274,AD2681,0.6050441
3275,AD2682,1.7531694
3276,AD2683,1.446579
3277,AD2684,1.8994707
3278,AD2685,1.5907105
3279,AD2686,0.46323168
3280,AD2687,0.46323168
3281,AD2688,0.46323168
3282,AD2689,0.50787246
3283,AD2690,1.8994707
3284,AD2691,1.7907954
3285,AD2692,1.3831255
3286,AD2693,1.2997451
3287,AD2694,1.1828287
3288,AD2695,1.2997451
3289,AD2696,0.46323168
3290,AD2697,1.4116343
3291,AD2698,1.2919526
3292,AD2699,0.46323168
3293,AD2700,1.1828287
3294,AD2701,0.46323168
3295,AD2702,0.51916355
3296,AD2703,1.7692981
3297,AD2704,1.2919526
3298,AD2705,0.46323168
3299,AD2706,0.46323168
3300,AD2707,1.7692981
3301,AD2708,1.2997451
3302,AD2709,0.7582342
3303,AD2710,1.2997451
3304,AD2711,1.3728313
3305,AD2712,1.3831255
3306,AD2713,0.7582342
3307,AD2714,0.46323168
3308,AD2715,1.2997451
3309,AD2716,0.46323168
3310,AD2717,0.50787246
3311,AD2718,0.46323168
3312,AD2719,1.8103669
3313,AD2720,1.1974826
3314,AD2721,0.46323168
3315,AD2722,1.3831255
3316,AD2723,1.7531694
3317,AD2724,0.46323168
3318,AD2725,1.7692981
3319,AD2726,1.8994707
3320,AD2727,1.1828287
3321,AD2728,1.86426
3322,AD2729,1.1299454
3323,AD2730,0.46323168
3324,AD2731,0.46323168
3325,AD2732,1.1828287
3326,AD2733,1.2919526
3327,AD2734,1.1299454
3328,AD2735,0.46323168
3329,AD2736,0.46323168
3330,AD2737,0.57796043
3331,AD2738,0.46323168
